{"name":"2b2f6bf1-817d-4cd6-a5b2-019d9774be8e","id":"/providers/Microsoft.Flow/flows/2b2f6bf1-817d-4cd6-a5b2-019d9774be8e","type":"Microsoft.Flow/flows","properties":{"apiId":"/providers/Microsoft.PowerApps/apis/shared_logicflows","displayName":"MTTD - Flow 2","definition":{"metadata":{"workflowEntityId":null,"processAdvisorMetadata":null,"flowChargedByPaygo":null,"flowclientsuspensionreason":"None","flowclientsuspensiontime":null,"flowclientsuspensionreasondetails":null,"creator":{"id":"ec41ba79-08c4-4128-92a6-fb124009e79f","type":"User","tenantId":"05d75c05-fa1a-42e7-9cf1-eb416c396f2d"},"provisioningMethod":"FromDefinition","failureAlertSubscription":true,"clientLastModifiedTime":"2024-07-24T09:31:27.3353424Z","connectionKeySavedTimeKey":"2024-07-24T09:31:12.4373689Z"},"$schema":"https://schema.management.azure.com/providers/Microsoft.Logic/schemas/2016-06-01/workflowdefinition.json#","contentVersion":"1.0.0.0","parameters":{"$connections":{"defaultValue":{},"type":"Object"},"$authentication":{"defaultValue":{},"type":"SecureObject"}},"triggers":{"Recurrence":{"recurrence":{"frequency":"Minute","interval":3,"timeZone":"India Standard Time"},"metadata":{"operationMetadataId":"fb1f3b43-8542-41d8-ba90-a57f5cdccddb"},"type":"Recurrence"}},"actions":{"LNS":{"runAfter":{},"metadata":{"014QHKHDLBMISLWOQLSJCKBKJ6F5XWBBOM":"/2024/Project/MTTD/MbM-MTTD.xlsx","operationMetadataId":"792485ea-c104-4460-b0f4-d29cd3d06cf9","tableId":"{61216FB0-408F-4ACA-A145-47D12409C598}","01WASUEWAJSYFWX2AJRVBJCHTQSYWQ6ATE":"/General/Tushar-MBM/MBM-MTTD.xlsx"},"type":"OpenApiConnection","inputs":{"host":{"apiId":"/providers/Microsoft.PowerApps/apis/shared_excelonlinebusiness","connectionName":"shared_excelonlinebusiness_1","operationId":"GetItems"},"parameters":{"source":"groups/56fdfaf9-3c88-4f81-bd81-619cf5a44d9e","drive":"b!rvlYkZDnrEeE6AMTMhFQ3Gisan59IApKjGWrbIRcUx3MQv9QYniJQY3Go2rc-XXt","file":"01WASUEWAJSYFWX2AJRVBJCHTQSYWQ6ATE","table":"{61216FB0-408F-4ACA-A145-47D12409C598}","$filter":"CurrentState ne 'On Hold'"},"authentication":"@parameters('$authentication')"},"runtimeConfiguration":{"paginationPolicy":{"minimumItemCount":5000}}},"CIB":{"runAfter":{},"metadata":{"014QHKHDLBMISLWOQLSJCKBKJ6F5XWBBOM":"/2024/Project/MTTD/MbM-MTTD.xlsx","operationMetadataId":"792485ea-c104-4460-b0f4-d29cd3d06cf9","tableId":"{5DAC4DF7-FFF6-42A6-9967-6BAA590FEE35}","01WASUEWAJSYFWX2AJRVBJCHTQSYWQ6ATE":"/General/Tushar-MBM/MBM-MTTD.xlsx"},"type":"OpenApiConnection","inputs":{"host":{"apiId":"/providers/Microsoft.PowerApps/apis/shared_excelonlinebusiness","connectionName":"shared_excelonlinebusiness_1","operationId":"GetItems"},"parameters":{"source":"groups/56fdfaf9-3c88-4f81-bd81-619cf5a44d9e","drive":"b!rvlYkZDnrEeE6AMTMhFQ3Gisan59IApKjGWrbIRcUx3MQv9QYniJQY3Go2rc-XXt","file":"01WASUEWAJSYFWX2AJRVBJCHTQSYWQ6ATE","table":"{5DAC4DF7-FFF6-42A6-9967-6BAA590FEE35}","$filter":"CurrentState ne 'On Hold'"},"authentication":"@parameters('$authentication')"},"runtimeConfiguration":{"paginationPolicy":{"minimumItemCount":5000}}},"SCP":{"runAfter":{},"metadata":{"014QHKHDLBMISLWOQLSJCKBKJ6F5XWBBOM":"/2024/Project/MTTD/MbM-MTTD.xlsx","operationMetadataId":"792485ea-c104-4460-b0f4-d29cd3d06cf9","tableId":"{ECF01196-31FD-483D-8C9F-53AE8B4334EF}","01WASUEWAJSYFWX2AJRVBJCHTQSYWQ6ATE":"/General/Tushar-MBM/MBM-MTTD.xlsx"},"type":"OpenApiConnection","inputs":{"host":{"apiId":"/providers/Microsoft.PowerApps/apis/shared_excelonlinebusiness","connectionName":"shared_excelonlinebusiness_1","operationId":"GetItems"},"parameters":{"source":"groups/56fdfaf9-3c88-4f81-bd81-619cf5a44d9e","drive":"b!rvlYkZDnrEeE6AMTMhFQ3Gisan59IApKjGWrbIRcUx3MQv9QYniJQY3Go2rc-XXt","file":"01WASUEWAJSYFWX2AJRVBJCHTQSYWQ6ATE","table":"{ECF01196-31FD-483D-8C9F-53AE8B4334EF}","$filter":"CurrentState ne 'On Hold'"},"authentication":"@parameters('$authentication')"},"runtimeConfiguration":{"paginationPolicy":{"minimumItemCount":5000}}},"Apply_to_each_2":{"foreach":"@body('Filter_array_8')","actions":{"List_Records":{"runAfter":{},"metadata":{"operationMetadataId":"69ff376f-06f7-4b0c-9585-fd12ae5feea2"},"type":"OpenApiConnection","inputs":{"host":{"apiId":"/providers/Microsoft.PowerApps/apis/shared_service-now","connectionName":"shared_service-now","operationId":"GetRecords"},"parameters":{"tableType":"incident","sysparm_display_value":true,"sysparm_exclude_reference_link":true,"sysparm_query":"number=@{item()?['ID']}"},"authentication":"@parameters('$authentication')"}},"Apply_to_each_3":{"foreach":"@outputs('List_Records')?['body/result']","actions":{"Check_2":{"actions":{"Re-Assignment_check_2":{"actions":{},"runAfter":{},"else":{"actions":{"Update_a_row_10":{"runAfter":{},"metadata":{"01WASUEWAJSYFWX2AJRVBJCHTQSYWQ6ATE":"/General/Tushar-MBM/MBM-MTTD.xlsx","operationMetadataId":"2b254655-ecdd-4b5f-aa2c-e3e830fc504e","tableId":"{5DAC4DF7-FFF6-42A6-9967-6BAA590FEE35}"},"type":"OpenApiConnection","inputs":{"host":{"apiId":"/providers/Microsoft.PowerApps/apis/shared_excelonlinebusiness","connectionName":"shared_excelonlinebusiness_1","operationId":"PatchItem"},"parameters":{"source":"groups/56fdfaf9-3c88-4f81-bd81-619cf5a44d9e","drive":"b!rvlYkZDnrEeE6AMTMhFQ3Gisan59IApKjGWrbIRcUx3MQv9QYniJQY3Go2rc-XXt","file":"01WASUEWAJSYFWX2AJRVBJCHTQSYWQ6ATE","table":"{5DAC4DF7-FFF6-42A6-9967-6BAA590FEE35}","idColumn":"Key","id":"@items('Apply_to_each_3')?['task_effective_number']","item/Key":" ","item/CurrentState":"@items('Apply_to_each_3')?['state']","item/Reassigned":"Y","item/New Assignment Group":"@items('Apply_to_each_3')?['assignment_group']","item/LastUpdateOn(UTC)":"@items('Apply_to_each_3')?['sys_updated_on']"},"authentication":"@parameters('$authentication')"}}}},"expression":{"equals":["@items('Apply_to_each_3')?['assignment_group']","@items('Apply_to_each_2')?['Assignment Group']"]},"metadata":{"operationMetadataId":"db8437bc-1c7e-4802-a4f3-5246fc3d1e31"},"type":"If"}},"runAfter":{},"else":{"actions":{"Check_3":{"actions":{"Filter_array":{"runAfter":{},"metadata":{"operationMetadataId":"7ec46ec2-255d-464a-8e93-9525e4fd5534"},"type":"Query","inputs":{"from":"@body('Filter_array_8')","where":"@and(equals(item()['ID'], items('Apply_to_each_3')?['task_effective_number']), equals(item()['CurrentState'], 'In Progress'))"}},"Check_2A":{"actions":{"Update_a_row_3":{"runAfter":{},"metadata":{"01WASUEWAJSYFWX2AJRVBJCHTQSYWQ6ATE":"/General/Tushar-MBM/MBM-MTTD.xlsx","operationMetadataId":"2b254655-ecdd-4b5f-aa2c-e3e830fc504e","tableId":"{5DAC4DF7-FFF6-42A6-9967-6BAA590FEE35}"},"type":"OpenApiConnection","inputs":{"host":{"apiId":"/providers/Microsoft.PowerApps/apis/shared_excelonlinebusiness","connectionName":"shared_excelonlinebusiness_1","operationId":"PatchItem"},"parameters":{"source":"groups/56fdfaf9-3c88-4f81-bd81-619cf5a44d9e","drive":"b!rvlYkZDnrEeE6AMTMhFQ3Gisan59IApKjGWrbIRcUx3MQv9QYniJQY3Go2rc-XXt","file":"01WASUEWAJSYFWX2AJRVBJCHTQSYWQ6ATE","table":"{5DAC4DF7-FFF6-42A6-9967-6BAA590FEE35}","idColumn":"Key","id":"@items('Apply_to_each_3')?['task_effective_number']","item/CurrentState":"@items('Apply_to_each_3')?['state']","item/Assigned To":"@items('Apply_to_each_3')?['assigned_to']","item/LastUpdateOn(UTC)":"@items('Apply_to_each_3')?['sys_updated_on']","item/In Progress (UTC)":"@items('Apply_to_each_3')?['sys_updated_on']"},"authentication":"@parameters('$authentication')"}}},"runAfter":{"Filter_array":["Succeeded"]},"else":{"actions":{"Re-Assignment_check_4":{"actions":{},"runAfter":{},"else":{"actions":{"Update_a_row_14":{"runAfter":{},"metadata":{"01WASUEWAJSYFWX2AJRVBJCHTQSYWQ6ATE":"/General/Tushar-MBM/MBM-MTTD.xlsx","operationMetadataId":"2b254655-ecdd-4b5f-aa2c-e3e830fc504e","tableId":"{5DAC4DF7-FFF6-42A6-9967-6BAA590FEE35}"},"type":"OpenApiConnection","inputs":{"host":{"apiId":"/providers/Microsoft.PowerApps/apis/shared_excelonlinebusiness","connectionName":"shared_excelonlinebusiness_1","operationId":"PatchItem"},"parameters":{"source":"groups/56fdfaf9-3c88-4f81-bd81-619cf5a44d9e","drive":"b!rvlYkZDnrEeE6AMTMhFQ3Gisan59IApKjGWrbIRcUx3MQv9QYniJQY3Go2rc-XXt","file":"01WASUEWAJSYFWX2AJRVBJCHTQSYWQ6ATE","table":"{5DAC4DF7-FFF6-42A6-9967-6BAA590FEE35}","idColumn":"Key","id":"@items('Apply_to_each_3')?['task_effective_number']","item/Key":" ","item/CurrentState":"@items('Apply_to_each_3')?['state']","item/Reassigned":"Y","item/New Assignment Group":"@items('Apply_to_each_3')?['assignment_group']","item/LastUpdateOn(UTC)":"@items('Apply_to_each_3')?['sys_updated_on']"},"authentication":"@parameters('$authentication')"}}}},"expression":{"equals":["@items('Apply_to_each_3')?['assignment_group']","@items('Apply_to_each_2')?['Assignment Group']"]},"metadata":{"operationMetadataId":"db8437bc-1c7e-4802-a4f3-5246fc3d1e31"},"type":"If"}}},"expression":{"equals":["@empty(body('Filter_array'))","@true"]},"metadata":{"operationMetadataId":"c0cd5c2c-0ed7-4e5d-95be-c291ca4a9806"},"type":"If"}},"runAfter":{},"else":{"actions":{"Filter_array_2":{"runAfter":{},"metadata":{"operationMetadataId":"8d442014-978a-461d-bf82-81fac82bd324"},"type":"Query","inputs":{"from":"@body('Filter_array_8')","where":"@and(equals(item()['ID'], items('Apply_to_each_3')?['task_effective_number']), equals(item()['CurrentState'], 'On Hold'))"}},"Check_6":{"actions":{"Update_a_row_4":{"runAfter":{},"metadata":{"01WASUEWAJSYFWX2AJRVBJCHTQSYWQ6ATE":"/General/Tushar-MBM/MBM-MTTD.xlsx","operationMetadataId":"2b254655-ecdd-4b5f-aa2c-e3e830fc504e","tableId":"{5DAC4DF7-FFF6-42A6-9967-6BAA590FEE35}"},"type":"OpenApiConnection","inputs":{"host":{"apiId":"/providers/Microsoft.PowerApps/apis/shared_excelonlinebusiness","connectionName":"shared_excelonlinebusiness_1","operationId":"PatchItem"},"parameters":{"source":"groups/56fdfaf9-3c88-4f81-bd81-619cf5a44d9e","drive":"b!rvlYkZDnrEeE6AMTMhFQ3Gisan59IApKjGWrbIRcUx3MQv9QYniJQY3Go2rc-XXt","file":"01WASUEWAJSYFWX2AJRVBJCHTQSYWQ6ATE","table":"{5DAC4DF7-FFF6-42A6-9967-6BAA590FEE35}","idColumn":"Key","id":"@items('Apply_to_each_3')?['task_effective_number']","item/Key":" ","item/CurrentState":"@items('Apply_to_each_3')?['state']","item/Assigned To":"@items('Apply_to_each_3')?['assigned_to']","item/LastUpdateOn(UTC)":"@items('Apply_to_each_3')?['sys_updated_on']","item/On Hold (UTC)":"@items('Apply_to_each_3')?['sys_updated_on']"},"authentication":"@parameters('$authentication')"}}},"runAfter":{"Filter_array_2":["Succeeded"]},"else":{"actions":{"Condition_2":{"actions":{},"runAfter":{},"else":{"actions":{"Update_a_row_9":{"runAfter":{},"metadata":{"01WASUEWAJSYFWX2AJRVBJCHTQSYWQ6ATE":"/General/Tushar-MBM/MBM-MTTD.xlsx","operationMetadataId":"2b254655-ecdd-4b5f-aa2c-e3e830fc504e","tableId":"{5DAC4DF7-FFF6-42A6-9967-6BAA590FEE35}"},"type":"OpenApiConnection","inputs":{"host":{"apiId":"/providers/Microsoft.PowerApps/apis/shared_excelonlinebusiness","connectionName":"shared_excelonlinebusiness","operationId":"PatchItem"},"parameters":{"source":"groups/56fdfaf9-3c88-4f81-bd81-619cf5a44d9e","drive":"b!rvlYkZDnrEeE6AMTMhFQ3Gisan59IApKjGWrbIRcUx3MQv9QYniJQY3Go2rc-XXt","file":"01WASUEWAJSYFWX2AJRVBJCHTQSYWQ6ATE","table":"{5DAC4DF7-FFF6-42A6-9967-6BAA590FEE35}","idColumn":"Key","id":"@items('Apply_to_each_3')?['task_effective_number']","item/Key":" ","item/CurrentState":"@items('Apply_to_each_3')?['state']","item/Reassigned":"Y","item/New Assignment Group":"@items('Apply_to_each_3')?['assignment_group']","item/LastUpdateOn(UTC)":"@items('Apply_to_each_3')?['sys_updated_on']"},"authentication":"@parameters('$authentication')"}}}},"expression":{"equals":["@items('Apply_to_each_3')?['assignment_group']","@items('Apply_to_each_2')?['Assignment Group']"]},"metadata":{"operationMetadataId":"642508ce-2028-44a6-b45c-649a1dae26d2"},"type":"If"}}},"expression":{"equals":["@empty(body('Filter_array_2'))","@true"]},"metadata":{"operationMetadataId":"c0cd5c2c-0ed7-4e5d-95be-c291ca4a9806"},"type":"If"}}},"expression":{"equals":["@items('Apply_to_each_3')?['state']","In Progress"]},"metadata":{"operationMetadataId":"c0cd5c2c-0ed7-4e5d-95be-c291ca4a9806"},"type":"If"}}},"expression":{"equals":["@items('Apply_to_each_3')?['state']","Assigned"]},"metadata":{"operationMetadataId":"c0cd5c2c-0ed7-4e5d-95be-c291ca4a9806"},"type":"If"}},"runAfter":{"List_Records":["Succeeded"]},"metadata":{"operationMetadataId":"f050dc42-9ac2-4026-a4ea-2c1871720baa"},"type":"Foreach"}},"runAfter":{"Filter_array_8":["Succeeded"]},"metadata":{"operationMetadataId":"787fb763-a66b-464e-9c53-b6fb0a357c21"},"type":"Foreach","runtimeConfiguration":{"concurrency":{"repetitions":20}}},"Apply_to_each_5":{"foreach":"@body('Filter_array_9')","actions":{"List_Records_3":{"runAfter":{},"metadata":{"operationMetadataId":"69ff376f-06f7-4b0c-9585-fd12ae5feea2"},"type":"OpenApiConnection","inputs":{"host":{"apiId":"/providers/Microsoft.PowerApps/apis/shared_service-now","connectionName":"shared_service-now","operationId":"GetRecords"},"parameters":{"tableType":"incident","sysparm_display_value":true,"sysparm_exclude_reference_link":true,"sysparm_query":"number=@{item()?['ID']}"},"authentication":"@parameters('$authentication')"}},"Apply_to_each_6":{"foreach":"@outputs('List_Records_3')?['body/result']","actions":{"Check_7":{"actions":{"Re-Assignment_check_3":{"actions":{},"runAfter":{},"else":{"actions":{"Update_a_row_12":{"runAfter":{},"metadata":{"01WASUEWAJSYFWX2AJRVBJCHTQSYWQ6ATE":"/General/Tushar-MBM/MBM-MTTD.xlsx","operationMetadataId":"2b254655-ecdd-4b5f-aa2c-e3e830fc504e","tableId":"{ECF01196-31FD-483D-8C9F-53AE8B4334EF}"},"type":"OpenApiConnection","inputs":{"host":{"apiId":"/providers/Microsoft.PowerApps/apis/shared_excelonlinebusiness","connectionName":"shared_excelonlinebusiness_1","operationId":"PatchItem"},"parameters":{"source":"groups/56fdfaf9-3c88-4f81-bd81-619cf5a44d9e","drive":"b!rvlYkZDnrEeE6AMTMhFQ3Gisan59IApKjGWrbIRcUx3MQv9QYniJQY3Go2rc-XXt","file":"01WASUEWAJSYFWX2AJRVBJCHTQSYWQ6ATE","table":"{ECF01196-31FD-483D-8C9F-53AE8B4334EF}","idColumn":"Key","id":"@items('Apply_to_each_6')?['task_effective_number']","item/Key":" ","item/CurrentState":"@items('Apply_to_each_6')?['state']","item/Reassigned":"Y","item/New Assignment Group":"@items('Apply_to_each_6')?['assignment_group']","item/LastUpdateOn(UTC)":"@items('Apply_to_each_6')?['sys_updated_on']"},"authentication":"@parameters('$authentication')"}}}},"expression":{"equals":["@items('Apply_to_each_6')?['assignment_group']","@items('Apply_to_each_5')?['Assignment Group']"]},"metadata":{"operationMetadataId":"0525077c-7a59-4686-a6bc-bc7934649e3f"},"type":"If"}},"runAfter":{},"else":{"actions":{"Check_8":{"actions":{"Filter_array_5":{"runAfter":{},"metadata":{"operationMetadataId":"7ec46ec2-255d-464a-8e93-9525e4fd5534"},"type":"Query","inputs":{"from":"@body('Filter_array_9')","where":"@and(equals(item()['ID'], items('Apply_to_each_6')?['task_effective_number']), equals(item()['CurrentState'], 'In Progress'))"}},"Check_2A_3":{"actions":{"Update_a_row_5":{"runAfter":{},"metadata":{"01WASUEWAJSYFWX2AJRVBJCHTQSYWQ6ATE":"/General/Tushar-MBM/MBM-MTTD.xlsx","operationMetadataId":"2b254655-ecdd-4b5f-aa2c-e3e830fc504e","tableId":"{ECF01196-31FD-483D-8C9F-53AE8B4334EF}"},"type":"OpenApiConnection","inputs":{"host":{"apiId":"/providers/Microsoft.PowerApps/apis/shared_excelonlinebusiness","connectionName":"shared_excelonlinebusiness_1","operationId":"PatchItem"},"parameters":{"source":"groups/56fdfaf9-3c88-4f81-bd81-619cf5a44d9e","drive":"b!rvlYkZDnrEeE6AMTMhFQ3Gisan59IApKjGWrbIRcUx3MQv9QYniJQY3Go2rc-XXt","file":"01WASUEWAJSYFWX2AJRVBJCHTQSYWQ6ATE","table":"{ECF01196-31FD-483D-8C9F-53AE8B4334EF}","idColumn":"Key","id":"@items('Apply_to_each_6')?['task_effective_number']","item/CurrentState":"@items('Apply_to_each_6')?['state']","item/Assigned To":"@items('Apply_to_each_6')?['assigned_to']","item/LastUpdateOn(UTC)":"@items('Apply_to_each_6')?['sys_updated_on']","item/In Progress (UTC)":"@items('Apply_to_each_6')?['sys_updated_on']"},"authentication":"@parameters('$authentication')"}}},"runAfter":{"Filter_array_5":["Succeeded"]},"else":{"actions":{"Re-Assignment_check_5":{"actions":{},"runAfter":{},"else":{"actions":{"Update_a_row_15":{"runAfter":{},"metadata":{"01WASUEWAJSYFWX2AJRVBJCHTQSYWQ6ATE":"/General/Tushar-MBM/MBM-MTTD.xlsx","operationMetadataId":"2b254655-ecdd-4b5f-aa2c-e3e830fc504e","tableId":"{ECF01196-31FD-483D-8C9F-53AE8B4334EF}"},"type":"OpenApiConnection","inputs":{"host":{"apiId":"/providers/Microsoft.PowerApps/apis/shared_excelonlinebusiness","connectionName":"shared_excelonlinebusiness_1","operationId":"PatchItem"},"parameters":{"source":"groups/56fdfaf9-3c88-4f81-bd81-619cf5a44d9e","drive":"b!rvlYkZDnrEeE6AMTMhFQ3Gisan59IApKjGWrbIRcUx3MQv9QYniJQY3Go2rc-XXt","file":"01WASUEWAJSYFWX2AJRVBJCHTQSYWQ6ATE","table":"{ECF01196-31FD-483D-8C9F-53AE8B4334EF}","idColumn":"Key","id":"@items('Apply_to_each_6')?['task_effective_number']","item/Key":" ","item/CurrentState":"@items('Apply_to_each_6')?['state']","item/Reassigned":"Y","item/New Assignment Group":"@items('Apply_to_each_6')?['assignment_group']","item/LastUpdateOn(UTC)":"@items('Apply_to_each_6')?['sys_updated_on']"},"authentication":"@parameters('$authentication')"}}}},"expression":{"equals":["@items('Apply_to_each_6')?['assignment_group']","@items('Apply_to_each_5')?['Assignment Group']"]},"metadata":{"operationMetadataId":"0525077c-7a59-4686-a6bc-bc7934649e3f"},"type":"If"}}},"expression":{"equals":["@empty(body('Filter_array_5'))","@true"]},"metadata":{"operationMetadataId":"c0cd5c2c-0ed7-4e5d-95be-c291ca4a9806"},"type":"If"}},"runAfter":{},"else":{"actions":{"Filter_array_6":{"runAfter":{},"metadata":{"operationMetadataId":"8d442014-978a-461d-bf82-81fac82bd324"},"type":"Query","inputs":{"from":"@body('Filter_array_9')","where":"@and(equals(item()['ID'], items('Apply_to_each_6')?['task_effective_number']), equals(item()['CurrentState'], 'On Hold'))"}},"Check_9":{"actions":{"Update_a_row_6":{"runAfter":{},"metadata":{"01WASUEWAJSYFWX2AJRVBJCHTQSYWQ6ATE":"/General/Tushar-MBM/MBM-MTTD.xlsx","operationMetadataId":"2b254655-ecdd-4b5f-aa2c-e3e830fc504e","tableId":"{ECF01196-31FD-483D-8C9F-53AE8B4334EF}"},"type":"OpenApiConnection","inputs":{"host":{"apiId":"/providers/Microsoft.PowerApps/apis/shared_excelonlinebusiness","connectionName":"shared_excelonlinebusiness_1","operationId":"PatchItem"},"parameters":{"source":"groups/56fdfaf9-3c88-4f81-bd81-619cf5a44d9e","drive":"b!rvlYkZDnrEeE6AMTMhFQ3Gisan59IApKjGWrbIRcUx3MQv9QYniJQY3Go2rc-XXt","file":"01WASUEWAJSYFWX2AJRVBJCHTQSYWQ6ATE","table":"{ECF01196-31FD-483D-8C9F-53AE8B4334EF}","idColumn":"Key","id":"@items('Apply_to_each_6')?['task_effective_number']","item/Key":" ","item/CurrentState":"@items('Apply_to_each_6')?['state']","item/Assigned To":"@items('Apply_to_each_6')?['assigned_to']","item/LastUpdateOn(UTC)":"@items('Apply_to_each_6')?['sys_updated_on']","item/On Hold (UTC)":"@items('Apply_to_each_6')?['sys_updated_on']"},"authentication":"@parameters('$authentication')"}}},"runAfter":{"Filter_array_6":["Succeeded"]},"else":{"actions":{"Condition_3":{"actions":{},"runAfter":{},"else":{"actions":{"Update_a_row_11":{"runAfter":{},"metadata":{"01WASUEWAJSYFWX2AJRVBJCHTQSYWQ6ATE":"/General/Tushar-MBM/MBM-MTTD.xlsx","operationMetadataId":"2b254655-ecdd-4b5f-aa2c-e3e830fc504e","tableId":"{ECF01196-31FD-483D-8C9F-53AE8B4334EF}"},"type":"OpenApiConnection","inputs":{"host":{"apiId":"/providers/Microsoft.PowerApps/apis/shared_excelonlinebusiness","connectionName":"shared_excelonlinebusiness","operationId":"PatchItem"},"parameters":{"source":"groups/56fdfaf9-3c88-4f81-bd81-619cf5a44d9e","drive":"b!rvlYkZDnrEeE6AMTMhFQ3Gisan59IApKjGWrbIRcUx3MQv9QYniJQY3Go2rc-XXt","file":"01WASUEWAJSYFWX2AJRVBJCHTQSYWQ6ATE","table":"{ECF01196-31FD-483D-8C9F-53AE8B4334EF}","idColumn":"Key","id":"@items('Apply_to_each_6')?['task_effective_number']","item/Key":"  ","item/CurrentState":"@items('Apply_to_each_6')?['state']","item/Reassigned":"Y","item/New Assignment Group":"@items('Apply_to_each_6')?['assignment_group']","item/LastUpdateOn(UTC)":"@items('Apply_to_each_6')?['sys_updated_on']"},"authentication":"@parameters('$authentication')"}}}},"expression":{"equals":["@items('Apply_to_each_6')?['assignment_group']","@items('Apply_to_each_5')?['Assignment Group']"]},"metadata":{"operationMetadataId":"642508ce-2028-44a6-b45c-649a1dae26d2"},"type":"If"}}},"expression":{"equals":["@empty(body('Filter_array_6'))","@true"]},"metadata":{"operationMetadataId":"c0cd5c2c-0ed7-4e5d-95be-c291ca4a9806"},"type":"If"}}},"expression":{"equals":["@items('Apply_to_each_6')?['state']","In Progress"]},"metadata":{"operationMetadataId":"c0cd5c2c-0ed7-4e5d-95be-c291ca4a9806"},"type":"If"}}},"expression":{"equals":["@items('Apply_to_each_6')?['state']","Assigned"]},"metadata":{"operationMetadataId":"c0cd5c2c-0ed7-4e5d-95be-c291ca4a9806"},"type":"If"}},"runAfter":{"List_Records_3":["Succeeded"]},"metadata":{"operationMetadataId":"f050dc42-9ac2-4026-a4ea-2c1871720baa"},"type":"Foreach"}},"runAfter":{"Filter_array_9":["Succeeded"]},"metadata":{"operationMetadataId":"787fb763-a66b-464e-9c53-b6fb0a357c21"},"type":"Foreach","runtimeConfiguration":{"concurrency":{"repetitions":20}}},"Filter_array_7":{"runAfter":{"LNS":["Succeeded"]},"metadata":{"operationMetadataId":"bb396b49-3122-4fd5-964e-b6c9c6cfa50f"},"type":"Query","inputs":{"from":"@outputs('LNS')?['body/value']","where":"@and(\n   or(\n        equals(item()?['CurrentState'], 'Assigned'),\n        equals(item()?['CurrentState'], 'In Progress')\n    ),\n    not(equals(item()?['Reassigned'], 'Y'))\n)"}},"Filter_array_8":{"runAfter":{"CIB":["Succeeded"]},"metadata":{"operationMetadataId":"17c1df1e-7769-417b-b9ac-237aafc27a62"},"type":"Query","inputs":{"from":"@outputs('CIB')?['body/value']","where":"@and(or(equals(item()?['CurrentState'], 'Assigned'), equals(item()?['CurrentState'], 'In Progress')), not(equals(item()?['Reassigned'], 'Y')))"}},"Filter_array_9":{"runAfter":{"SCP":["Succeeded"]},"metadata":{"operationMetadataId":"00fd25de-38ba-4a28-9ed8-bb540c53c59f"},"type":"Query","inputs":{"from":"@outputs('SCP')?['body/value']","where":"@and(or(equals(item()?['CurrentState'], 'Assigned'), equals(item()?['CurrentState'], 'In Progress')), not(equals(item()?['Reassigned'], 'Y')))"}},"Apply_to_each":{"foreach":"@body('Filter_array_7')","actions":{"List_Records_2":{"runAfter":{},"metadata":{"operationMetadataId":"69ff376f-06f7-4b0c-9585-fd12ae5feea2"},"type":"OpenApiConnection","inputs":{"host":{"apiId":"/providers/Microsoft.PowerApps/apis/shared_service-now","connectionName":"shared_service-now","operationId":"GetRecords"},"parameters":{"tableType":"incident","sysparm_display_value":true,"sysparm_exclude_reference_link":true,"sysparm_query":"number=@{item()?['ID']}"},"authentication":"@parameters('$authentication')"}},"Apply_to_each_4":{"foreach":"@outputs('List_Records_2')?['body/result']","actions":{"Check":{"actions":{"Re-Assignment_check":{"actions":{},"runAfter":{},"else":{"actions":{"Update_a_row_7":{"runAfter":{},"metadata":{"01WASUEWAJSYFWX2AJRVBJCHTQSYWQ6ATE":"/General/Tushar-MBM/MBM-MTTD.xlsx","operationMetadataId":"2b254655-ecdd-4b5f-aa2c-e3e830fc504e","tableId":"{61216FB0-408F-4ACA-A145-47D12409C598}"},"type":"OpenApiConnection","inputs":{"host":{"apiId":"/providers/Microsoft.PowerApps/apis/shared_excelonlinebusiness","connectionName":"shared_excelonlinebusiness_1","operationId":"PatchItem"},"parameters":{"source":"groups/56fdfaf9-3c88-4f81-bd81-619cf5a44d9e","drive":"b!rvlYkZDnrEeE6AMTMhFQ3Gisan59IApKjGWrbIRcUx3MQv9QYniJQY3Go2rc-XXt","file":"01WASUEWAJSYFWX2AJRVBJCHTQSYWQ6ATE","table":"{61216FB0-408F-4ACA-A145-47D12409C598}","idColumn":"Key","id":"@items('Apply_to_each_4')?['task_effective_number']","item/Key":" ","item/CurrentState":"@items('Apply_to_each_4')?['state']","item/Reassigned":"Y","item/New Assignment Group":"@items('Apply_to_each_4')?['assignment_group']","item/LastUpdateOn(UTC)":"@items('Apply_to_each_4')?['sys_updated_on']"},"authentication":"@parameters('$authentication')"}}}},"expression":{"equals":["@items('Apply_to_each_4')?['assignment_group']","@items('Apply_to_each')?['Assignment Group']"]},"metadata":{"operationMetadataId":"339bf926-3a3e-41d5-9a9e-6f27a7f2bdae"},"type":"If"}},"runAfter":{},"else":{"actions":{"Check_4":{"actions":{"Filter_array_3":{"runAfter":{},"metadata":{"operationMetadataId":"7ec46ec2-255d-464a-8e93-9525e4fd5534"},"type":"Query","inputs":{"from":"@body('Filter_array_7')","where":"@and(equals(item()['ID'], items('Apply_to_each_4')?['task_effective_number']), equals(item()['CurrentState'], 'In Progress'))"}},"Check_2A_2":{"actions":{"Update_a_row":{"runAfter":{},"metadata":{"01WASUEWAJSYFWX2AJRVBJCHTQSYWQ6ATE":"/General/Tushar-MBM/MBM-MTTD.xlsx","operationMetadataId":"2b254655-ecdd-4b5f-aa2c-e3e830fc504e","tableId":"{61216FB0-408F-4ACA-A145-47D12409C598}"},"type":"OpenApiConnection","inputs":{"host":{"apiId":"/providers/Microsoft.PowerApps/apis/shared_excelonlinebusiness","connectionName":"shared_excelonlinebusiness_1","operationId":"PatchItem"},"parameters":{"source":"groups/56fdfaf9-3c88-4f81-bd81-619cf5a44d9e","drive":"b!rvlYkZDnrEeE6AMTMhFQ3Gisan59IApKjGWrbIRcUx3MQv9QYniJQY3Go2rc-XXt","file":"01WASUEWAJSYFWX2AJRVBJCHTQSYWQ6ATE","table":"{61216FB0-408F-4ACA-A145-47D12409C598}","idColumn":"Key","id":"@items('Apply_to_each_4')?['task_effective_number']","item/CurrentState":"@items('Apply_to_each_4')?['state']","item/Assigned To":"@items('Apply_to_each_4')?['assigned_to']","item/LastUpdateOn(UTC)":"@items('Apply_to_each_4')?['sys_updated_on']","item/In Progress (UTC)":"@items('Apply_to_each_4')?['sys_updated_on']"},"authentication":"@parameters('$authentication')"}}},"runAfter":{"Filter_array_3":["Succeeded"]},"else":{"actions":{"Condition":{"actions":{},"runAfter":{},"else":{"actions":{"Update_a_row_8":{"runAfter":{},"metadata":{"01WASUEWAJSYFWX2AJRVBJCHTQSYWQ6ATE":"/General/Tushar-MBM/MBM-MTTD.xlsx","operationMetadataId":"2b254655-ecdd-4b5f-aa2c-e3e830fc504e","tableId":"{61216FB0-408F-4ACA-A145-47D12409C598}"},"type":"OpenApiConnection","inputs":{"host":{"apiId":"/providers/Microsoft.PowerApps/apis/shared_excelonlinebusiness","connectionName":"shared_excelonlinebusiness","operationId":"PatchItem"},"parameters":{"source":"groups/56fdfaf9-3c88-4f81-bd81-619cf5a44d9e","drive":"b!rvlYkZDnrEeE6AMTMhFQ3Gisan59IApKjGWrbIRcUx3MQv9QYniJQY3Go2rc-XXt","file":"01WASUEWAJSYFWX2AJRVBJCHTQSYWQ6ATE","table":"{61216FB0-408F-4ACA-A145-47D12409C598}","idColumn":"Key","id":"@items('Apply_to_each_4')?['task_effective_number']","item/Key":" ","item/CurrentState":"@items('Apply_to_each_4')?['state']","item/Reassigned":"Y","item/New Assignment Group":"@items('Apply_to_each_4')?['assignment_group']","item/LastUpdateOn(UTC)":"@items('Apply_to_each_4')?['sys_updated_on']"},"authentication":"@parameters('$authentication')"}}}},"expression":{"equals":["@items('Apply_to_each_4')?['assignment_group']","@items('Apply_to_each')?['Assignment Group']"]},"metadata":{"operationMetadataId":"642508ce-2028-44a6-b45c-649a1dae26d2"},"type":"If"}}},"expression":{"equals":["@empty(body('Filter_array_3'))","@true"]},"metadata":{"operationMetadataId":"c0cd5c2c-0ed7-4e5d-95be-c291ca4a9806"},"type":"If"}},"runAfter":{},"else":{"actions":{"Filter_array_4":{"runAfter":{},"metadata":{"operationMetadataId":"8d442014-978a-461d-bf82-81fac82bd324"},"type":"Query","inputs":{"from":"@body('Filter_array_7')","where":"@and(equals(item()['ID'], items('Apply_to_each_4')?['task_effective_number']), equals(item()['CurrentState'], 'On Hold'))"}},"Check_5":{"actions":{"Update_a_row_2":{"runAfter":{},"metadata":{"01WASUEWAJSYFWX2AJRVBJCHTQSYWQ6ATE":"/General/Tushar-MBM/MBM-MTTD.xlsx","operationMetadataId":"2b254655-ecdd-4b5f-aa2c-e3e830fc504e","tableId":"{61216FB0-408F-4ACA-A145-47D12409C598}"},"type":"OpenApiConnection","inputs":{"host":{"apiId":"/providers/Microsoft.PowerApps/apis/shared_excelonlinebusiness","connectionName":"shared_excelonlinebusiness_1","operationId":"PatchItem"},"parameters":{"source":"groups/56fdfaf9-3c88-4f81-bd81-619cf5a44d9e","drive":"b!rvlYkZDnrEeE6AMTMhFQ3Gisan59IApKjGWrbIRcUx3MQv9QYniJQY3Go2rc-XXt","file":"01WASUEWAJSYFWX2AJRVBJCHTQSYWQ6ATE","table":"{61216FB0-408F-4ACA-A145-47D12409C598}","idColumn":"Key","id":"@items('Apply_to_each_4')?['task_effective_number']","item/Key":" ","item/CurrentState":"@items('Apply_to_each_4')?['state']","item/Assigned To":"@items('Apply_to_each_4')?['assigned_to']","item/LastUpdateOn(UTC)":"@items('Apply_to_each_4')?['sys_updated_on']","item/On Hold (UTC)":"@items('Apply_to_each_4')?['sys_updated_on']"},"authentication":"@parameters('$authentication')"}}},"runAfter":{"Filter_array_4":["Succeeded"]},"else":{"actions":{"Condition_4":{"actions":{},"runAfter":{},"else":{"actions":{"Update_a_row_13":{"runAfter":{},"metadata":{"01WASUEWAJSYFWX2AJRVBJCHTQSYWQ6ATE":"/General/Tushar-MBM/MBM-MTTD.xlsx","operationMetadataId":"2b254655-ecdd-4b5f-aa2c-e3e830fc504e","tableId":"{61216FB0-408F-4ACA-A145-47D12409C598}"},"type":"OpenApiConnection","inputs":{"host":{"apiId":"/providers/Microsoft.PowerApps/apis/shared_excelonlinebusiness","connectionName":"shared_excelonlinebusiness","operationId":"PatchItem"},"parameters":{"source":"groups/56fdfaf9-3c88-4f81-bd81-619cf5a44d9e","drive":"b!rvlYkZDnrEeE6AMTMhFQ3Gisan59IApKjGWrbIRcUx3MQv9QYniJQY3Go2rc-XXt","file":"01WASUEWAJSYFWX2AJRVBJCHTQSYWQ6ATE","table":"{61216FB0-408F-4ACA-A145-47D12409C598}","idColumn":"Key","id":"@items('Apply_to_each_4')?['task_effective_number']","item/Key":" ","item/CurrentState":"@items('Apply_to_each_4')?['state']","item/Reassigned":"Y","item/New Assignment Group":"@items('Apply_to_each_4')?['assignment_group']","item/LastUpdateOn(UTC)":"@items('Apply_to_each_4')?['sys_updated_on']"},"authentication":"@parameters('$authentication')"}}}},"expression":{"equals":["@items('Apply_to_each_4')?['assignment_group']","@items('Apply_to_each')['Assignment Group']"]},"metadata":{"operationMetadataId":"642508ce-2028-44a6-b45c-649a1dae26d2"},"type":"If"}}},"expression":{"equals":["@empty(body('Filter_array_4'))","@true"]},"metadata":{"operationMetadataId":"c0cd5c2c-0ed7-4e5d-95be-c291ca4a9806"},"type":"If"}}},"expression":{"equals":["@items('Apply_to_each_4')?['state']","In Progress"]},"metadata":{"operationMetadataId":"c0cd5c2c-0ed7-4e5d-95be-c291ca4a9806"},"type":"If"}}},"expression":{"equals":["@items('Apply_to_each_4')?['state']","Assigned"]},"metadata":{"operationMetadataId":"c0cd5c2c-0ed7-4e5d-95be-c291ca4a9806"},"type":"If"}},"runAfter":{"List_Records_2":["Succeeded"]},"metadata":{"operationMetadataId":"f050dc42-9ac2-4026-a4ea-2c1871720baa"},"type":"Foreach"}},"runAfter":{"Filter_array_7":["Succeeded"]},"metadata":{"operationMetadataId":"787fb763-a66b-464e-9c53-b6fb0a357c21"},"type":"Foreach","runtimeConfiguration":{"concurrency":{"repetitions":20}}}}},"connectionReferences":{"shared_excelonlinebusiness_1":{"connectionName":"shared-excelonlinebu-33305e84-11ed-41ee-9c9c-562996b9b432","source":"Embedded","id":"/providers/Microsoft.PowerApps/apis/shared_excelonlinebusiness","tier":"NotSpecified"},"shared_service-now":{"connectionName":"shared-service-now-403510b6-9d96-4961-a271-da723d1c1512","source":"Embedded","id":"/providers/Microsoft.PowerApps/apis/shared_service-now","tier":"NotSpecified"},"shared_excelonlinebusiness":{"connectionName":"shared-excelonlinebu-045fe2ff-d9c8-42c8-bff4-c5441c37518b","source":"Embedded","id":"/providers/Microsoft.PowerApps/apis/shared_excelonlinebusiness","tier":"NotSpecified"}},"flowFailureAlertSubscribed":false,"isManaged":false}}