{"name":"9dffef40-a941-49a7-a7b1-561af884acdb","id":"/providers/Microsoft.Flow/flows/9dffef40-a941-49a7-a7b1-561af884acdb","type":"Microsoft.Flow/flows","properties":{"apiId":"/providers/Microsoft.PowerApps/apis/shared_logicflows","displayName":"Comments 3-strike","definition":{"metadata":{"workflowEntityId":null,"processAdvisorMetadata":null,"flowChargedByPaygo":null,"flowclientsuspensionreason":"None","flowclientsuspensiontime":null,"flowclientsuspensionreasondetails":null,"creator":{"id":"6229caa9-7645-4859-a155-d23671951d42","type":"User","tenantId":"05d75c05-fa1a-42e7-9cf1-eb416c396f2d"},"provisioningMethod":"FromDefinition","failureAlertSubscription":true,"clientLastModifiedTime":"2024-07-23T17:33:02.5806232Z","connectionKeySavedTimeKey":"2024-07-23T17:33:02.5806232Z"},"$schema":"https://schema.management.azure.com/providers/Microsoft.Logic/schemas/2016-06-01/workflowdefinition.json#","contentVersion":"undefined","parameters":{"$connections":{"defaultValue":{},"type":"Object"},"$authentication":{"defaultValue":{},"type":"SecureObject"}},"triggers":{"Recurrence":{"recurrence":{"frequency":"Week","interval":1,"timeZone":"India Standard Time","schedule":{"weekDays":["Monday","Tuesday","Wednesday","Thursday","Friday"],"hours":["4","12","20"],"minutes":[30]}},"metadata":{"operationMetadataId":"2b72b412-e108-47ef-81b5-784d350f1992"},"type":"Recurrence"}},"actions":{"List_Records":{"runAfter":{},"metadata":{"operationMetadataId":"fd3cefca-9675-4059-a21d-a0f047e78d7a"},"type":"OpenApiConnection","inputs":{"host":{"apiId":"/providers/Microsoft.PowerApps/apis/shared_service-now","connectionName":"shared_service-now","operationId":"GetRecords"},"parameters":{"tableType":"sc_req_item","sysparm_display_value":true,"sysparm_exclude_reference_link":true,"sysparm_query":"assignment_group=7a0a1c244fc1fa405f1db7718110c75b^ORassignment_group=b03a3c3f471539d0dd02e929736d43f1^active=true^state=-4"},"authentication":"@parameters('$authentication')"}},"For_each":{"foreach":"@outputs('List_Records')?['body/result']","actions":{"Comments_and_Work_Notes":{"runAfter":{},"metadata":{"operationMetadataId":"584d1d6d-0f3f-4bc7-90be-f1bd81ec8fb2"},"type":"Compose","inputs":"@items('For_each')?['comments_and_work_notes']"},"Split_by_new_line":{"runAfter":{"Comments_and_Work_Notes":["Succeeded"]},"metadata":{"operationMetadataId":"2eb44f64-bce3-4212-85dd-ee2a5f928968"},"type":"Compose","inputs":"@split(outputs('Comments_and_Work_Notes'), variables('Enter'))"},"Filter_array":{"runAfter":{"Split_by_new_line":["Succeeded"]},"metadata":{"operationMetadataId":"1367ce89-cebf-469f-b1eb-0cb0b8b3cb75"},"type":"Query","inputs":{"from":"@outputs('Split_by_new_line')","where":"@or(contains(item(), '(Comments)'), contains(item(), '(Work notes)'))\n"}},"Comments_Details":{"runAfter":{"Filter_array":["Succeeded"]},"metadata":{"operationMetadataId":"f9088db9-cdc9-453a-9c8d-bd520f986e12"},"type":"Select","inputs":{"from":"@body('Filter_array')","select":{"Update date":"@substring(item(), 0, indexOf(item(), ' - '))","Update by":"@substring(item(), add(indexOf(item(), ' - '), 3), sub(indexOf(item(), ' ('), add(indexOf(item(), ' - '), 3)))"}}},"Condition":{"actions":{},"runAfter":{"Get_a_row":["Succeeded"]},"else":{"actions":{"Set_variable":{"runAfter":{},"metadata":{"operationMetadataId":"a0051394-43f4-462b-89e6-8f931dcf1c1c"},"type":"SetVariable","inputs":{"name":"Latest Update","value":["@outputs('ReverseComments')[0]?['Update date']","@outputs('ReverseComments')[0]?['Update by']"]}},"Apply_to_each":{"foreach":"@outputs('ReverseComments')","actions":{"Condition_2":{"actions":{},"runAfter":{},"else":{"actions":{"Set_variable_2":{"runAfter":{},"metadata":{"operationMetadataId":"0f66c52f-2743-454e-8d92-4c49220998e8"},"type":"SetVariable","inputs":{"name":"Latest Update","value":["@item()?['Update date']","@item()?['Update by']"]}}}},"expression":{"contains":["@variables('Data')","@item()?['Update by']"]},"metadata":{"operationMetadataId":"3930135c-1903-48ff-a53b-656fc07436fb"},"type":"If"}},"runAfter":{"Set_variable":["Succeeded"]},"metadata":{"operationMetadataId":"c4120be1-a993-414b-999d-480c3af70c7a"},"type":"Foreach"},"Switch":{"runAfter":{"Update_a_row_6":["Succeeded"]},"cases":{"Case":{"case":1,"actions":{"Condition_8":{"actions":{"Update_Record":{"runAfter":{},"metadata":{"operationMetadataId":"5690ed75-7edf-4dbd-8b28-18e565f0fc02"},"type":"OpenApiConnection","inputs":{"host":{"apiId":"/providers/Microsoft.PowerApps/apis/shared_service-now","connectionName":"shared_service-now","operationId":"UpdateRecord"},"parameters":{"tableType":"sc_req_item","sysid":"@items('For_each')?['sys_id']","sysparm_display_value":false,"sysparm_exclude_reference_link":true,"body/u_3_strike_count":"1","body/u_3_strike_date":"@formatDateTime(utcNow(),'dd-MM-yyyy HH:mm:ss')","body/comments":"No Response received from user in 24hrs, kindly confirm to resolve this ticket."},"authentication":"@parameters('$authentication')"}},"Update_a_row":{"runAfter":{"Update_Record":["Succeeded"]},"metadata":{"01WASUEWHJCHHR4DTZMBAKTLB3PTD4QR6Y":"/General/App Support 2-Strike Rule.xlsx","operationMetadataId":"71d1d65c-4b71-4642-82b8-da1171aa6116","tableId":"{607FE202-8C00-405C-90BF-4EECB6E62D87}"},"type":"OpenApiConnection","inputs":{"host":{"apiId":"/providers/Microsoft.PowerApps/apis/shared_excelonlinebusiness","connectionName":"shared_excelonlinebusiness","operationId":"PatchItem"},"parameters":{"source":"groups/56fdfaf9-3c88-4f81-bd81-619cf5a44d9e","drive":"b!rvlYkZDnrEeE6AMTMhFQ3Gisan59IApKjGWrbIRcUx3MQv9QYniJQY3Go2rc-XXt","file":"01WASUEWHJCHHR4DTZMBAKTLB3PTD4QR6Y","table":"{607FE202-8C00-405C-90BF-4EECB6E62D87}","idColumn":"ID","id":"@items('For_each')?['number']","item/Reminder 1 ":"Sent","item/Bot Action":"1st Reminder sent","item/Updated on":"@formatDateTime(convertTimeZone(utcNow(), 'UTC', 'GMT Standard Time'), 'dd-MM-yyyy HH:mm:ss', 'en-US')"},"authentication":"@parameters('$authentication')"}}},"runAfter":{},"expression":{"equals":["@items('For_each')?['u_3_strike_count']","0"]},"metadata":{"operationMetadataId":"603a422f-293f-4b92-92a2-1ffd0ac72726"},"type":"If"}}},"Case_2":{"case":2,"actions":{"Condition_6":{"actions":{"Update_Record_3":{"runAfter":{},"metadata":{"operationMetadataId":"7bfe2829-7ea1-4fd1-885b-e11faa4b5d24"},"type":"OpenApiConnection","inputs":{"host":{"apiId":"/providers/Microsoft.PowerApps/apis/shared_service-now","connectionName":"shared_service-now","operationId":"UpdateRecord"},"parameters":{"tableType":"sc_req_item","sysid":"@items('For_each')?['sys_id']","sysparm_display_value":true,"sysparm_exclude_reference_link":true,"body/u_3_strike_count":"2","body/state":"6","body/u_3_strike_date":"@formatDateTime(utcNow(),'dd-MM-yyyy HH:mm:ss')","body/comments":"Hence, as we have not recieved any response, we are closing this request."},"authentication":"@parameters('$authentication')"}},"Update_a_row_3":{"runAfter":{"Update_Record_3":["Succeeded"]},"metadata":{"01WASUEWHJCHHR4DTZMBAKTLB3PTD4QR6Y":"/General/App Support 2-Strike Rule.xlsx","operationMetadataId":"88e98bd5-bc92-4c2a-8662-36bceee6a255","tableId":"{607FE202-8C00-405C-90BF-4EECB6E62D87}"},"type":"OpenApiConnection","inputs":{"host":{"apiId":"/providers/Microsoft.PowerApps/apis/shared_excelonlinebusiness","connectionName":"shared_excelonlinebusiness","operationId":"PatchItem"},"parameters":{"source":"groups/56fdfaf9-3c88-4f81-bd81-619cf5a44d9e","drive":"b!rvlYkZDnrEeE6AMTMhFQ3Gisan59IApKjGWrbIRcUx3MQv9QYniJQY3Go2rc-XXt","file":"01WASUEWHJCHHR4DTZMBAKTLB3PTD4QR6Y","table":"{607FE202-8C00-405C-90BF-4EECB6E62D87}","idColumn":"ID","id":"@items('For_each')?['number']","item/State":"@outputs('Update_Record_3')?['body/result/state']","item/Reminder 2 ":"Sent","item/Bot Action":"Closing ticket on 2nd Reminder","item/Updated on":"@formatDateTime(convertTimeZone(utcNow(), 'UTC', 'GMT Standard Time'), 'dd-MM-yyyy HH:mm:ss', 'en-US')"},"authentication":"@parameters('$authentication')"}}},"runAfter":{},"expression":{"equals":["@items('For_each')?['u_3_strike_count']","1"]},"metadata":{"operationMetadataId":"99af4093-8a52-4f4e-879a-5af382877f0c"},"type":"If"}}},"Case_0":{"case":0,"actions":{"Update_Record_2":{"runAfter":{},"metadata":{"operationMetadataId":"819b814b-c1b6-4047-973e-e79abbde9b60"},"type":"OpenApiConnection","inputs":{"host":{"apiId":"/providers/Microsoft.PowerApps/apis/shared_service-now","connectionName":"shared_service-now","operationId":"UpdateRecord"},"parameters":{"tableType":"sc_req_item","sysid":"@items('For_each')?['sys_id']","sysparm_display_value":true,"sysparm_exclude_reference_link":true,"body/u_3_strike_count":"0"},"authentication":"@parameters('$authentication')"}},"Update_a_row_5":{"runAfter":{"Update_Record_2":["Succeeded"]},"metadata":{"01WASUEWHJCHHR4DTZMBAKTLB3PTD4QR6Y":"/General/App Support 2-Strike Rule.xlsx","operationMetadataId":"6e4cdabf-10df-411c-9f32-9dd880ff6479","tableId":"{607FE202-8C00-405C-90BF-4EECB6E62D87}"},"type":"OpenApiConnection","inputs":{"host":{"apiId":"/providers/Microsoft.PowerApps/apis/shared_excelonlinebusiness","connectionName":"shared_excelonlinebusiness","operationId":"PatchItem"},"parameters":{"source":"groups/56fdfaf9-3c88-4f81-bd81-619cf5a44d9e","drive":"b!rvlYkZDnrEeE6AMTMhFQ3Gisan59IApKjGWrbIRcUx3MQv9QYniJQY3Go2rc-XXt","file":"01WASUEWHJCHHR4DTZMBAKTLB3PTD4QR6Y","table":"{607FE202-8C00-405C-90BF-4EECB6E62D87}","idColumn":"ID","id":"@items('For_each')?['number']","item/State":"@outputs('Update_Record_2')?['body/result/state']","item/Reminder 1 ":" ","item/Reminder 2 ":" ","item/Time Diff(in Hrs)":"@variables('Time Difference')","item/Bot Action":"Strike reset.","item/Updated on":"@formatDateTime(convertTimeZone(utcNow(), 'UTC', 'GMT Standard Time'), 'dd-MM-yyyy HH:mm:ss', 'en-US')"},"authentication":"@parameters('$authentication')"}}}}},"default":{"actions":{"Update_Record_4":{"runAfter":{},"metadata":{"operationMetadataId":"ebcc322c-56e4-4601-ab2d-c1af7999b53b"},"type":"OpenApiConnection","inputs":{"host":{"apiId":"/providers/Microsoft.PowerApps/apis/shared_service-now","connectionName":"shared_service-now","operationId":"UpdateRecord"},"parameters":{"tableType":"sc_req_item","sysid":"@items('For_each')?['sys_id']","sysparm_display_value":true,"sysparm_exclude_reference_link":true,"body/state":"6","body/comments":"Hence, as we have not recieved any response, we are closing this request."},"authentication":"@parameters('$authentication')"}},"Update_a_row_4":{"runAfter":{"Update_Record_4":["Succeeded"]},"metadata":{"01WASUEWHJCHHR4DTZMBAKTLB3PTD4QR6Y":"/General/App Support 2-Strike Rule.xlsx","operationMetadataId":"9e5dd22b-d382-463d-97eb-613d4bc60200","tableId":"{607FE202-8C00-405C-90BF-4EECB6E62D87}"},"type":"OpenApiConnection","inputs":{"host":{"apiId":"/providers/Microsoft.PowerApps/apis/shared_excelonlinebusiness","connectionName":"shared_excelonlinebusiness","operationId":"PatchItem"},"parameters":{"source":"groups/56fdfaf9-3c88-4f81-bd81-619cf5a44d9e","drive":"b!rvlYkZDnrEeE6AMTMhFQ3Gisan59IApKjGWrbIRcUx3MQv9QYniJQY3Go2rc-XXt","file":"01WASUEWHJCHHR4DTZMBAKTLB3PTD4QR6Y","table":"{607FE202-8C00-405C-90BF-4EECB6E62D87}","idColumn":"ID","id":"@items('For_each')?['number']","item/State":"@outputs('Update_Record_4')?['body/result/state']","item/Bot Action":"Closing ticket on Default","item/Updated on":"@formatDateTime(convertTimeZone(utcNow(), 'UTC', 'GMT Standard Time'), 'dd-MM-yyyy HH:mm:ss', 'en-US')"},"authentication":"@parameters('$authentication')"}},"Update_a_row_7":{"runAfter":{"Update_Record_4":["Failed"]},"metadata":{"operationMetadataId":"fbd66bea-30ca-4c31-995c-c7a16ffe5385","tableId":"{607FE202-8C00-405C-90BF-4EECB6E62D87}"},"type":"OpenApiConnection","inputs":{"host":{"apiId":"/providers/Microsoft.PowerApps/apis/shared_excelonlinebusiness","connectionName":"shared_excelonlinebusiness","operationId":"PatchItem"},"parameters":{"source":"groups/56fdfaf9-3c88-4f81-bd81-619cf5a44d9e","drive":"b!rvlYkZDnrEeE6AMTMhFQ3Gisan59IApKjGWrbIRcUx3MQv9QYniJQY3Go2rc-XXt","file":"/General/App Support 2-Strike Rule.xlsx","table":"{607FE202-8C00-405C-90BF-4EECB6E62D87}","idColumn":"ID","id":"@items('For_each')?['number']","item/State":"@outputs('Update_Record_4')?['body/result/state']","item/Bot Action":"Error: Wait for Closure of All Tasks","item/Updated on":"@formatDateTime(convertTimeZone(utcNow(), 'UTC', 'GMT Standard Time'), 'dd-MM-yyyy HH:mm:ss', 'en-US')"},"authentication":"@parameters('$authentication')"}}}},"expression":"@int(div(variables('Time Difference'),24))","metadata":{"operationMetadataId":"6db94a4d-c81d-400a-8de8-8e8cdd81c5c2"},"type":"Switch"},"Condition_3":{"actions":{"Compose":{"runAfter":{},"metadata":{"operationMetadataId":"ad833501-f9d7-450a-b1e5-e2410a0d863d"},"type":"Compose","inputs":["@uriComponentToString(replace(uriComponent(variables('Latest Update')[0]), '%0A', ''))","@variables('Latest Update')[1]"]},"Set_variable_3":{"runAfter":{"Compose":["Succeeded"]},"metadata":{"operationMetadataId":"f1785dd9-248d-461d-b80a-dac385d69b7c"},"type":"SetVariable","inputs":{"name":"Latest Update","value":"@outputs('Compose')"}}},"runAfter":{"Compose_2":["Succeeded"]},"expression":{"contains":["@variables('Latest Update')[0]","@outputs('Compose_2')"]},"metadata":{"operationMetadataId":"4fa76877-47f9-4fd2-be54-cb24f70ee89d"},"type":"If"},"Compose_2":{"runAfter":{"Apply_to_each":["Succeeded"]},"metadata":{"operationMetadataId":"3f195802-fb6e-42de-baff-29a570cfcdc1"},"type":"Compose","inputs":"\n"},"Curr_Time_GMT":{"runAfter":{"Condition_4":["Succeeded"]},"metadata":{"operationMetadataId":"e7196816-bf6c-434d-abe9-7884e1c5f3ee"},"type":"Compose","inputs":"@formatDateTime(convertTimeZone(utcNow(), 'UTC', 'GMT Standard Time'), 'yyyy-MM-ddTHH:mm:ssZ', 'en-US')"},"Updated_Day":{"runAfter":{"Curr_Time_GMT":["Succeeded"]},"metadata":{"operationMetadataId":"e21eeb0b-a420-4f62-a572-1bb88cdb8141"},"type":"Compose","inputs":"@formatDateTime(parseDateTime(variables('Latest Update')[0], 'en-GB', 'dd-MM-yyyy HH:mm:ss'), 'ddd', 'en-US')"},"Thu_Fri_Check":{"actions":{"Remove_Weekend_Time":{"runAfter":{},"metadata":{"operationMetadataId":"786c9fc7-95ed-4667-9688-e3bf348ab9bc"},"type":"Compose","inputs":"@sub(outputs('Diff_with_Update_Date'),48)"},"Set_variable_5":{"runAfter":{"Remove_Weekend_Time":["Succeeded"]},"metadata":{"operationMetadataId":"4f58d440-63d6-435f-bc11-439354ff3dd4"},"type":"SetVariable","inputs":{"name":"Time Difference","value":"@outputs('Remove_Weekend_Time')"}}},"runAfter":{"Set_variable_4":["Succeeded"]},"expression":{"and":[{"or":[{"equals":["@outputs('Updated_Day')","Thu"]},{"equals":["@outputs('Updated_Day')","Fri"]}]},{"or":[{"equals":["@formatDateTime(convertTimeZone(utcNow(),'UTC','India Standard Time') ,'ddd')","Mon"]},{"equals":["@formatDateTime(convertTimeZone(utcNow(),'UTC','India Standard Time') ,'ddd')","Tue"]}]}]},"metadata":{"operationMetadataId":"4b87a101-5881-47b7-890d-47da7573e9f3"},"type":"If"},"First_Date":{"runAfter":{"Updated_Day":["Succeeded"]},"metadata":{"operationMetadataId":"8e9cb57c-dc70-454d-bc24-eab88656506b"},"type":"Compose","inputs":"@formatDateTime(parseDateTime(variables('Latest Update')[0], 'en-GB', 'dd-MM-yyyy HH:mm:ss'), 'yyyy-MM-ddTHH:mm:ssZ', 'en-US')"},"Diff_with_Update_Date":{"runAfter":{"First_Date":["Succeeded"]},"metadata":{"operationMetadataId":"7168ee70-ab57-40b6-bb5f-62a2b4f2d4ad"},"type":"Compose","inputs":"@div(sub(ticks(outputs('Curr_Time_GMT')), ticks(outputs('First_Date'))), 36000000000)"},"Update_a_row_2":{"runAfter":{"Condition_3":["Succeeded"]},"metadata":{"01WASUEWHJCHHR4DTZMBAKTLB3PTD4QR6Y":"/General/App Support 2-Strike Rule.xlsx","operationMetadataId":"d003e52f-c5fe-4c2f-8680-53bb3b5291d2","tableId":"{607FE202-8C00-405C-90BF-4EECB6E62D87}"},"type":"OpenApiConnection","inputs":{"host":{"apiId":"/providers/Microsoft.PowerApps/apis/shared_excelonlinebusiness","connectionName":"shared_excelonlinebusiness","operationId":"PatchItem"},"parameters":{"source":"groups/56fdfaf9-3c88-4f81-bd81-619cf5a44d9e","drive":"b!rvlYkZDnrEeE6AMTMhFQ3Gisan59IApKjGWrbIRcUx3MQv9QYniJQY3Go2rc-XXt","file":"01WASUEWHJCHHR4DTZMBAKTLB3PTD4QR6Y","table":"{607FE202-8C00-405C-90BF-4EECB6E62D87}","idColumn":"ID","id":"@items('For_each')?['number']","item/Last User Comment By":"@variables('Latest Update')[1]","item/Last Comment Date":"@variables('Latest Update')[0]","item/Updated on":"@formatDateTime(convertTimeZone(utcNow(), 'UTC', 'GMT Standard Time'), 'dd-MM-yyyy HH:mm:ss', 'en-US')"},"authentication":"@parameters('$authentication')"}},"Update_a_row_6":{"runAfter":{"Condition_9":["Succeeded","Failed","Skipped"]},"metadata":{"01WASUEWHJCHHR4DTZMBAKTLB3PTD4QR6Y":"/General/App Support 2-Strike Rule.xlsx","operationMetadataId":"d003e52f-c5fe-4c2f-8680-53bb3b5291d2","tableId":"{607FE202-8C00-405C-90BF-4EECB6E62D87}"},"type":"OpenApiConnection","inputs":{"host":{"apiId":"/providers/Microsoft.PowerApps/apis/shared_excelonlinebusiness","connectionName":"shared_excelonlinebusiness","operationId":"PatchItem"},"parameters":{"source":"groups/56fdfaf9-3c88-4f81-bd81-619cf5a44d9e","drive":"b!rvlYkZDnrEeE6AMTMhFQ3Gisan59IApKjGWrbIRcUx3MQv9QYniJQY3Go2rc-XXt","file":"01WASUEWHJCHHR4DTZMBAKTLB3PTD4QR6Y","table":"{607FE202-8C00-405C-90BF-4EECB6E62D87}","idColumn":"ID","id":"@items('For_each')?['number']","item/Last User Comment By":"@variables('Latest Update')[1]","item/Last Comment Date":"@variables('Latest Update')[0]","item/Time Diff(in Hrs)":"@variables('Time Difference')"},"authentication":"@parameters('$authentication')"}},"Sat_Check_":{"actions":{"Remove_Sunday_Time_":{"runAfter":{},"metadata":{"operationMetadataId":"786c9fc7-95ed-4667-9688-e3bf348ab9bc"},"type":"Compose","inputs":"@sub(outputs('Diff_with_Update_Date'), 24)"},"Set_variable_7":{"runAfter":{"Remove_Sunday_Time_":["Succeeded"]},"metadata":{"operationMetadataId":"4f58d440-63d6-435f-bc11-439354ff3dd4"},"type":"SetVariable","inputs":{"name":"Time Difference","value":"@outputs('Remove_Sunday_Time_')"}}},"runAfter":{"Thu_Fri_Check":["Succeeded"]},"expression":{"and":[{"and":[{"equals":["@outputs('Updated_Day')","Sat"]}]},{"or":[{"equals":["@formatDateTime(convertTimeZone(utcNow(),'UTC','India Standard Time') ,'ddd')","Mon"]},{"equals":["@formatDateTime(convertTimeZone(utcNow(),'UTC','India Standard Time') ,'ddd')","Tue"]}]}]},"metadata":{"operationMetadataId":"4b87a101-5881-47b7-890d-47da7573e9f3"},"type":"If"},"Update_Time":{"runAfter":{"Update_a_row_2":["Succeeded"]},"metadata":{"operationMetadataId":"b1294d2a-d803-481e-ae96-856a96cfd286"},"type":"Compose","inputs":"@items('For_each')?['sys_updated_on']"},"Updated_By":{"runAfter":{"Update_Time":["Succeeded"]},"metadata":{"operationMetadataId":"c3cf73ae-1518-4a6c-a4a3-13bc95a280b4"},"type":"Compose","inputs":"@items('For_each')?['sys_updated_by']"},"Condition_4":{"actions":{},"runAfter":{"Updated_By":["Succeeded"]},"else":{"actions":{"Compose_6":{"runAfter":{},"metadata":{"operationMetadataId":"ad833501-f9d7-450a-b1e5-e2410a0d863d"},"type":"Compose","inputs":["@outputs('Update_Time')","@variables('Latest Update')[1]"]},"Set_variable_8":{"runAfter":{"Compose_6":["Succeeded"]},"metadata":{"operationMetadataId":"f1785dd9-248d-461d-b80a-dac385d69b7c"},"type":"SetVariable","inputs":{"name":"Latest Update","value":"@outputs('Compose_6')"}}}},"expression":{"lessOrEquals":["@outputs('Update_Time')","@variables('Latest Update')[0]"]},"metadata":{"operationMetadataId":"ef07b4a4-60cb-4ba2-b3e4-3259002d2115"},"type":"If"},"Compose_5":{"runAfter":{"Sat_Check_":["Succeeded"]},"metadata":{"operationMetadataId":"95bade49-daa2-456e-a8cf-316222132b66"},"type":"Compose","inputs":"@formatDateTime(parseDateTime(items('For_each')?['sys_updated_on'], 'en-GB', 'dd-MM-yyyy HH:mm:ss'), 'dd-MM-yyyy HH:mm', 'en-US')"},"Set_variable_4":{"runAfter":{"Diff_with_Update_Date":["Succeeded"]},"metadata":{"operationMetadataId":"06e7096a-73c9-4f98-8fdb-bb17eb1e9a54"},"type":"SetVariable","inputs":{"name":"Time Difference","value":"@outputs('Diff_with_Update_Date')"}},"Condition_9":{"actions":{},"runAfter":{"Compose_5":["Succeeded"]},"else":{"actions":{"Condition_10":{"actions":{"Condition_13":{"actions":{"Compose_14":{"runAfter":{},"metadata":{"operationMetadataId":"ffb37324-6333-4a60-bb80-2cbbaaf9c056"},"type":"Compose","inputs":"@variables('Time Difference')"},"Set_variable_10":{"runAfter":{"Compose_14":["Succeeded"]},"metadata":{"operationMetadataId":"8255ebd8-213e-4e30-bb76-4d54919c2b8c"},"type":"SetVariable","inputs":{"name":"Time Difference","value":"@add(int(outputs('Get_a_row')?['body/Time Diff(in Hrs)']), outputs('Compose_14'))"}}},"runAfter":{},"expression":{"equals":["@outputs('Get_a_row')?['body/Bot Action']","1st Reminder sent"]},"metadata":{"operationMetadataId":"75c55895-41b0-4aca-b1ed-7880f595afb4"},"type":"If"}},"runAfter":{},"expression":{"and":[{"equals":["@formatDateTime(parseDateTime(body('Comments_Details')[0]?['Update date'], 'en-GB', 'dd-MM-yyyy HH:mm:ss'), 'dd-MM-yyyy HH:mm', 'en-US')","@formatDateTime(parseDateTime(items('For_each')?['sys_updated_on'], 'en-GB', 'dd-MM-yyyy HH:mm:ss'), 'dd-MM-yyyy HH:mm', 'en-US')"]},{"equals":["@body('Comments_Details')[0]?['Update by']","Tech Support"]}]},"metadata":{"operationMetadataId":"4ba0441f-f6bd-4c96-9f26-43aaf9996703"},"type":"If"}}},"expression":{"equals":["@outputs('Get_a_row')?['body/Updated on']",""]},"metadata":{"operationMetadataId":"1430dbc8-dfbb-47b6-80c3-fb959aa211c2"},"type":"If"}}},"expression":{"equals":["@empty(body('Comments_Details'))","@true"]},"metadata":{"operationMetadataId":"2ef36bec-8642-45df-af14-83b97edf78cc"},"type":"If"},"ReverseComments":{"runAfter":{"Comments_Details":["Succeeded"]},"metadata":{"operationMetadataId":"afde48de-6b36-4432-95f3-18f79fb81739"},"type":"Compose","inputs":"@reverse(body('Comments_Details'))"},"Condition_5":{"actions":{},"runAfter":{"ReverseComments":["Succeeded"]},"else":{"actions":{"Add_a_row_into_a_table":{"runAfter":{},"metadata":{"01WASUEWHJCHHR4DTZMBAKTLB3PTD4QR6Y":"/General/App Support 2-Strike Rule.xlsx","operationMetadataId":"6c4c195d-8bd5-436f-b54f-95d010ed2f9a","tableId":"{607FE202-8C00-405C-90BF-4EECB6E62D87}"},"type":"OpenApiConnection","inputs":{"host":{"apiId":"/providers/Microsoft.PowerApps/apis/shared_excelonlinebusiness","connectionName":"shared_excelonlinebusiness","operationId":"AddRowV2"},"parameters":{"source":"groups/56fdfaf9-3c88-4f81-bd81-619cf5a44d9e","drive":"b!rvlYkZDnrEeE6AMTMhFQ3Gisan59IApKjGWrbIRcUx3MQv9QYniJQY3Go2rc-XXt","file":"01WASUEWHJCHHR4DTZMBAKTLB3PTD4QR6Y","table":"{607FE202-8C00-405C-90BF-4EECB6E62D87}","item/ID":"@items('For_each')?['number']","item/State":"@items('For_each')?['state']"},"authentication":"@parameters('$authentication')"}}}},"expression":{"contains":["@body('Select')","@items('For_each')?['number']"]},"metadata":{"operationMetadataId":"be8db169-46f7-43e5-b25a-9ceb494109bd"},"type":"If"},"Get_a_row":{"runAfter":{"Condition_5":["Succeeded"]},"metadata":{"01WASUEWHJCHHR4DTZMBAKTLB3PTD4QR6Y":"/General/App Support 2-Strike Rule.xlsx","operationMetadataId":"08bb25ce-d590-4cf3-b0e3-d805f2733c9a","tableId":"{607FE202-8C00-405C-90BF-4EECB6E62D87}"},"type":"OpenApiConnection","inputs":{"host":{"apiId":"/providers/Microsoft.PowerApps/apis/shared_excelonlinebusiness","connectionName":"shared_excelonlinebusiness","operationId":"GetItem"},"parameters":{"source":"groups/56fdfaf9-3c88-4f81-bd81-619cf5a44d9e","drive":"b!rvlYkZDnrEeE6AMTMhFQ3Gisan59IApKjGWrbIRcUx3MQv9QYniJQY3Go2rc-XXt","file":"01WASUEWHJCHHR4DTZMBAKTLB3PTD4QR6Y","table":"{607FE202-8C00-405C-90BF-4EECB6E62D87}","idColumn":"ID","id":"@items('For_each')?['number']","dateTimeFormat":"ISO 8601"},"authentication":"@parameters('$authentication')"}}},"runAfter":{"Strike_Difference":["Succeeded"]},"metadata":{"operationMetadataId":"39561e13-b75b-4d8c-b3aa-6ceb80c0dee8"},"type":"Foreach"},"Members":{"runAfter":{"Enter":["Succeeded"]},"metadata":{"operationMetadataId":"de5905dc-cb50-4b74-89ae-cdd5825cea95"},"type":"InitializeVariable","inputs":{"variables":[{"name":"Data","type":"array","value":["Melbourne Paano Pangilinan","Sean Tabor","Abigail Aileen Buenaventura Abrihan","MICHAEL TINAMBACAN","Angelica San Jose","MAY ANN BRONZAL-LOCAYLOCAY","Rosfer Jefferson Sebastian Ulic","Stephen Allen Eulogio","Rohit Ajit Kachare","Prachi Prakash Answerwadker","PREETI RAKATE","Santosh Pillai","Aishwarya Talekar","Tech Support","Michael Morales","Jet Ocampo","Angelica Soriano","Belle Sampang","Jaymark Reglos","Elise Perez-Ednaco","Afril Jack DELOS REYES Ompoc","Rom Lorenz Jimenez","Fernando Pillone Tijolan Jr","Jennifer Quiliza","Lyn Liyan Albeza","Julius Bulanadi","Rovensan Iglesias","Cherry Lyn Briz","Robert Pua","MARIE CLAIRLYN GUILALAS"]}]}},"Enter":{"runAfter":{"Select":["Succeeded"]},"metadata":{"operationMetadataId":"ebfc0372-ff63-4124-8268-ac74f14cae5e"},"type":"InitializeVariable","inputs":{"variables":[{"name":"Enter","type":"string","value":"\n\n"}]}},"LatestUpdate":{"runAfter":{"Members":["Succeeded"]},"metadata":{"operationMetadataId":"9d1ff599-a9f1-4df9-bddd-7ea0892996ae"},"type":"InitializeVariable","inputs":{"variables":[{"name":"Latest Update","type":"array","value":[]}]}},"Time_Difference":{"runAfter":{"LatestUpdate":["Succeeded"]},"metadata":{"operationMetadataId":"9c48e3a3-33ef-4b86-9334-7750964a628d"},"type":"InitializeVariable","inputs":{"variables":[{"name":"Time Difference","type":"integer"}]}},"List_rows_present_in_a_table":{"runAfter":{"List_Records":["Succeeded"]},"metadata":{"01WASUEWHJCHHR4DTZMBAKTLB3PTD4QR6Y":"/General/App Support 2-Strike Rule.xlsx","operationMetadataId":"bb0a9dcd-bf45-4630-85f0-64b14c1bf09a","tableId":"{607FE202-8C00-405C-90BF-4EECB6E62D87}"},"type":"OpenApiConnection","inputs":{"host":{"apiId":"/providers/Microsoft.PowerApps/apis/shared_excelonlinebusiness","connectionName":"shared_excelonlinebusiness","operationId":"GetItems"},"parameters":{"source":"groups/56fdfaf9-3c88-4f81-bd81-619cf5a44d9e","drive":"b!rvlYkZDnrEeE6AMTMhFQ3Gisan59IApKjGWrbIRcUx3MQv9QYniJQY3Go2rc-XXt","file":"01WASUEWHJCHHR4DTZMBAKTLB3PTD4QR6Y","table":"{607FE202-8C00-405C-90BF-4EECB6E62D87}"},"authentication":"@parameters('$authentication')"},"runtimeConfiguration":{"paginationPolicy":{"minimumItemCount":5000}}},"Select":{"runAfter":{"List_rows_present_in_a_table":["Succeeded"]},"metadata":{"operationMetadataId":"8feb1776-c0e6-4b4a-a72d-f2421705123e"},"type":"Select","inputs":{"from":"@outputs('List_rows_present_in_a_table')?['body/value']","select":"@item()?['ID']"}},"Send_an_email_(V2)":{"runAfter":{"For_each":["Succeeded","Failed","TimedOut"]},"metadata":{"operationMetadataId":"b6cac898-5654-40fa-8f91-caf2f7b580b9"},"type":"OpenApiConnection","inputs":{"host":{"apiId":"/providers/Microsoft.PowerApps/apis/shared_office365","connectionName":"shared_office365","operationId":"SendEmailV2"},"parameters":{"emailMessage/To":"mann.sethi@maersk.com;TCSDAMCOAPPL1.5support@damco.com","emailMessage/Subject":"Comments Strike rule ran successfully.","emailMessage/Body":"<p>Hello everyone,<br>\n<br>\nThe scheduled flow for App support Strike rule has ran successfully.<br>\n<br>\nThanks</p>","emailMessage/Importance":"Normal"},"authentication":"@parameters('$authentication')"}},"Send_an_email_(V2)_2":{"runAfter":{"List_Records":["Failed"]},"metadata":{"operationMetadataId":"b6cac898-5654-40fa-8f91-caf2f7b580b9"},"type":"OpenApiConnection","inputs":{"host":{"apiId":"/providers/Microsoft.PowerApps/apis/shared_office365","connectionName":"shared_office365","operationId":"SendEmailV2"},"parameters":{"emailMessage/To":"mann.sethi@maersk.com;TCSDAMCOAPPL1.5support@damco.com","emailMessage/Subject":"Comments Strike rule error!","emailMessage/Body":"<p>Hello everyone,<br>\n<br>\nThe scheduled flow for App support Strike rule has an error in getting active tickets.<br>\n<br>\nThanks</p>","emailMessage/Importance":"Normal"},"authentication":"@parameters('$authentication')"}},"Strike_Difference":{"runAfter":{"Time_Difference":["Succeeded"]},"metadata":{"operationMetadataId":"f5ef68eb-c4a4-4648-9809-7634c0a80e8d"},"type":"InitializeVariable","inputs":{"variables":[{"name":"Strike Difference","type":"integer","value":0}]}}}},"connectionReferences":{"shared_service-now":{"connectionName":"shared-service-now-ace211af-7b05-4c15-839d-3df28d3b3c9c","source":"Embedded","id":"/providers/Microsoft.PowerApps/apis/shared_service-now","tier":"NotSpecified"},"shared_excelonlinebusiness":{"connectionName":"shared-excelonlinebu-0a07022b-2e02-499e-9274-f980113e9cff","source":"Embedded","id":"/providers/Microsoft.PowerApps/apis/shared_excelonlinebusiness","tier":"NotSpecified"},"shared_office365":{"connectionName":"shared-office365-bd85ad37-6d78-4946-8fb1-9fe552765a21","source":"Embedded","id":"/providers/Microsoft.PowerApps/apis/shared_office365","tier":"NotSpecified"}},"flowFailureAlertSubscribed":false,"isManaged":false}}