{"name":"dba4c516-ddea-4155-b7c8-86bca3aff3de","id":"/providers/Microsoft.Flow/flows/dba4c516-ddea-4155-b7c8-86bca3aff3de","type":"Microsoft.Flow/flows","properties":{"apiId":"/providers/Microsoft.PowerApps/apis/shared_logicflows","displayName":"Request MTTD - Flow 1","definition":{"metadata":{"workflowEntityId":null,"processAdvisorMetadata":null,"flowChargedByPaygo":null,"flowclientsuspensionreason":"None","flowclientsuspensiontime":null,"flowclientsuspensionreasondetails":null,"creator":{"id":"6229caa9-7645-4859-a155-d23671951d42","type":"User","tenantId":"05d75c05-fa1a-42e7-9cf1-eb416c396f2d"},"provisioningMethod":"FromDefinition","failureAlertSubscription":true,"clientLastModifiedTime":"2024-09-16T14:05:51.268165Z","connectionKeySavedTimeKey":"2024-09-16T14:05:51.268165Z"},"$schema":"https://schema.management.azure.com/providers/Microsoft.Logic/schemas/2016-06-01/workflowdefinition.json#","contentVersion":"1.0.0.0","parameters":{"$connections":{"defaultValue":{},"type":"Object"},"$authentication":{"defaultValue":{},"type":"SecureObject"}},"triggers":{"Recurrence":{"recurrence":{"frequency":"Second","interval":90},"metadata":{"operationMetadataId":"4be75ccc-dcce-4310-b0bb-1c544c422264"},"type":"Recurrence"}},"actions":{"LNS":{"runAfter":{},"metadata":{"operationMetadataId":"69ff376f-06f7-4b0c-9585-fd12ae5feea2"},"type":"OpenApiConnection","inputs":{"host":{"apiId":"/providers/Microsoft.PowerApps/apis/shared_service-now","connectionName":"shared_service-now","operationId":"GetRecords"},"parameters":{"tableType":"sc_req_item","sysparm_display_value":true,"sysparm_exclude_reference_link":true,"sysparm_query":"assignment_group=7a0a1c244fc1fa405f1db7718110c75b^ORassignment_group=ff0a1c244fc1fa405f1db7718110c7fa^ORassignment_group=b03a3c3f471539d0dd02e929736d43f1^state=1"},"authentication":"@parameters('$authentication')"}},"Apply_to_each":{"foreach":"@outputs('LNS')?['body/result']","actions":{"Condition":{"actions":{},"runAfter":{},"else":{"actions":{"Add_a_row_into_a_table":{"runAfter":{},"metadata":{"014QHKHDLBMISLWOQLSJCKBKJ6F5XWBBOM":"/2024/Project/MTTD/MbM-MTTD.xlsx","operationMetadataId":"51cddde4-5fa1-4c20-941f-0c14c0fbd3b0","tableId":"{61216FB0-408F-4ACA-A145-47D12409C598}","01WASUEWAJSYFWX2AJRVBJCHTQSYWQ6ATE":"/General/Tushar-MBM/MBM-MTTD.xlsx","01WASUEWCFECDK2ZRL2VGYLRWXZVLN5BIM":"/General/Tushar-MBM/MBM-MTTD Request.xlsx"},"type":"OpenApiConnection","inputs":{"host":{"apiId":"/providers/Microsoft.PowerApps/apis/shared_excelonlinebusiness","connectionName":"shared_excelonlinebusiness_1","operationId":"AddRowV2"},"parameters":{"source":"groups/56fdfaf9-3c88-4f81-bd81-619cf5a44d9e","drive":"b!rvlYkZDnrEeE6AMTMhFQ3Gisan59IApKjGWrbIRcUx3MQv9QYniJQY3Go2rc-XXt","file":"01WASUEWCFECDK2ZRL2VGYLRWXZVLN5BIM","table":"{61216FB0-408F-4ACA-A145-47D12409C598}","item/ID":"@items('Apply_to_each')?['number']","item/Key":"@items('Apply_to_each')?['number']","item/CurrentState":"@items('Apply_to_each')?['state']","item/Assignment Group":"@items('Apply_to_each')?['assignment_group']","item/Assigned To":"@items('Apply_to_each')?['assigned_to']","item/Created on(UTC)":"@items('Apply_to_each')?['sys_created_on']","item/LastUpdateOn(UTC)":"@items('Apply_to_each')?['sys_updated_on']","item/Open (UTC)":"@items('Apply_to_each')?['sys_updated_on']"},"authentication":"@parameters('$authentication')"}}}},"expression":{"contains":["@outputs('Compose')","@items('Apply_to_each')?['number']"]},"metadata":{"operationMetadataId":"72555953-fe91-48d1-8744-924157411760"},"type":"If"}},"runAfter":{"Compose":["Succeeded"]},"metadata":{"operationMetadataId":"64f97f7d-907d-4961-8c22-e5114bfce8e6"},"type":"Foreach"},"CIB":{"runAfter":{},"metadata":{"operationMetadataId":"736be836-337c-47e7-9600-37739c09a25c"},"type":"OpenApiConnection","inputs":{"host":{"apiId":"/providers/Microsoft.PowerApps/apis/shared_service-now","connectionName":"shared_service-now","operationId":"GetRecords"},"parameters":{"tableType":"sc_req_item","sysparm_display_value":true,"sysparm_exclude_reference_link":true,"sysparm_query":"assignment_group=ae78c139dbebf3c06bf75ad6dc961900^ORassignment_group=d5a5c53ddb2bf3c06bf75ad6dc96199e^ORassignment_group=f130026d1ba2d8d4d987a796bd4bcb12^ORassignment_group=7e005c92db9144546e585487dc961974^ORassignment_group=130a1c244fc1fa405f1db7718110c78d^state=1"},"authentication":"@parameters('$authentication')"}},"Apply_to_each_2":{"foreach":"@outputs('CIB')?['body/result']","actions":{"Condition_2":{"actions":{},"runAfter":{},"else":{"actions":{"Add_a_row_into_a_table_2":{"runAfter":{},"metadata":{"014QHKHDLBMISLWOQLSJCKBKJ6F5XWBBOM":"/2024/Project/MTTD/MbM-MTTD.xlsx","operationMetadataId":"51cddde4-5fa1-4c20-941f-0c14c0fbd3b0","tableId":"{FDE74591-320A-45DF-BCCA-5673D9EFA8C5}","01WASUEWAJSYFWX2AJRVBJCHTQSYWQ6ATE":"/General/Tushar-MBM/MBM-MTTD.xlsx","01WASUEWCFECDK2ZRL2VGYLRWXZVLN5BIM":"/General/Tushar-MBM/MBM-MTTD Request.xlsx"},"type":"OpenApiConnection","inputs":{"host":{"apiId":"/providers/Microsoft.PowerApps/apis/shared_excelonlinebusiness","connectionName":"shared_excelonlinebusiness_1","operationId":"AddRowV2"},"parameters":{"source":"groups/56fdfaf9-3c88-4f81-bd81-619cf5a44d9e","drive":"b!rvlYkZDnrEeE6AMTMhFQ3Gisan59IApKjGWrbIRcUx3MQv9QYniJQY3Go2rc-XXt","file":"01WASUEWCFECDK2ZRL2VGYLRWXZVLN5BIM","table":"{FDE74591-320A-45DF-BCCA-5673D9EFA8C5}","item/ID":"@items('Apply_to_each_2')?['number']","item/Key":"@items('Apply_to_each_2')?['number']","item/CurrentState":"@items('Apply_to_each_2')?['state']","item/Assignment Group":"@items('Apply_to_each_2')?['assignment_group']","item/Assigned To":"@items('Apply_to_each_2')?['assigned_to']","item/Created on(UTC)":"@items('Apply_to_each_2')?['sys_created_on']","item/LastUpdateOn(UTC)":"@items('Apply_to_each_2')?['sys_updated_on']","item/Open (UTC)":"@items('Apply_to_each_2')?['sys_updated_on']"},"authentication":"@parameters('$authentication')"}}}},"expression":{"contains":["@outputs('Compose_2')","@items('Apply_to_each_2')?['number']"]},"metadata":{"operationMetadataId":"e5a17bca-1d32-445b-8164-4bc741aed5e7"},"type":"If"}},"runAfter":{"Compose_2":["Succeeded"]},"metadata":{"operationMetadataId":"64f97f7d-907d-4961-8c22-e5114bfce8e6"},"type":"Foreach"},"SCP":{"runAfter":{},"metadata":{"operationMetadataId":"587460dc-43cd-4769-a612-5bf902502828"},"type":"OpenApiConnection","inputs":{"host":{"apiId":"/providers/Microsoft.PowerApps/apis/shared_service-now","connectionName":"shared_service-now","operationId":"GetRecords"},"parameters":{"tableType":"sc_req_item","sysparm_display_value":true,"sysparm_exclude_reference_link":true,"sysparm_query":"assignment_group=7a5408871b4f9c10d6232f0a2d4bcb29^ORassignment_group=c1a2400fdb9070589c753dd5f39619e4^ORassignment_group=0423b37fdb845c107cd4593cd39619b9^ORassignment_group=ec1df1cf1b87e990e3d24157b04bcbd6^state=1"},"authentication":"@parameters('$authentication')"}},"Apply_to_each_3":{"foreach":"@outputs('SCP')?['body/result']","actions":{"Condition_3":{"actions":{},"runAfter":{},"else":{"actions":{"Add_a_row_into_a_table_3":{"runAfter":{},"metadata":{"014QHKHDLBMISLWOQLSJCKBKJ6F5XWBBOM":"/2024/Project/MTTD/MbM-MTTD.xlsx","operationMetadataId":"51cddde4-5fa1-4c20-941f-0c14c0fbd3b0","tableId":"{BA3FC5F4-8514-479A-B8D4-B913526E3F15}","01WASUEWAJSYFWX2AJRVBJCHTQSYWQ6ATE":"/General/Tushar-MBM/MBM-MTTD.xlsx"},"type":"OpenApiConnection","inputs":{"host":{"apiId":"/providers/Microsoft.PowerApps/apis/shared_excelonlinebusiness","connectionName":"shared_excelonlinebusiness_1","operationId":"AddRowV2"},"parameters":{"source":"groups/56fdfaf9-3c88-4f81-bd81-619cf5a44d9e","drive":"b!rvlYkZDnrEeE6AMTMhFQ3Gisan59IApKjGWrbIRcUx3MQv9QYniJQY3Go2rc-XXt","file":"/General/Tushar-MBM/MBM-MTTD Request.xlsx","table":"{BA3FC5F4-8514-479A-B8D4-B913526E3F15}","item/ID":"@items('Apply_to_each_3')?['number']","item/Key":"@items('Apply_to_each_3')?['number']","item/CurrentState":"@items('Apply_to_each_3')?['state']","item/Assignment Group":"@items('Apply_to_each_3')?['assignment_group']","item/Assigned To":"@items('Apply_to_each_3')?['assigned_to']","item/Created on(UTC)":"@items('Apply_to_each_3')?['sys_created_on']","item/LastUpdateOn(UTC)":"@items('Apply_to_each_3')?['sys_updated_on']","item/Open (UTC)":"@items('Apply_to_each_3')?['sys_updated_on']"},"authentication":"@parameters('$authentication')"}}}},"expression":{"contains":["@outputs('Compose_3')","@items('Apply_to_each_3')?['number']"]},"metadata":{"operationMetadataId":"168e6d9f-5d10-4ac2-8f21-868d5d08fc4e"},"type":"If"}},"runAfter":{"Compose_3":["Succeeded"]},"metadata":{"operationMetadataId":"64f97f7d-907d-4961-8c22-e5114bfce8e6"},"type":"Foreach"},"List_rows_present_in_a_table":{"runAfter":{"LNS":["Succeeded"]},"metadata":{"014QHKHDLBMISLWOQLSJCKBKJ6F5XWBBOM":"/2024/Project/MTTD/MbM-MTTD.xlsx","operationMetadataId":"792485ea-c104-4460-b0f4-d29cd3d06cf9","tableId":"{61216FB0-408F-4ACA-A145-47D12409C598}","01WASUEWAJSYFWX2AJRVBJCHTQSYWQ6ATE":"/General/Tushar-MBM/MBM-MTTD.xlsx","01WASUEWCFECDK2ZRL2VGYLRWXZVLN5BIM":"/General/Tushar-MBM/MBM-MTTD Request.xlsx"},"type":"OpenApiConnection","inputs":{"host":{"apiId":"/providers/Microsoft.PowerApps/apis/shared_excelonlinebusiness","connectionName":"shared_excelonlinebusiness_1","operationId":"GetItems"},"parameters":{"source":"groups/56fdfaf9-3c88-4f81-bd81-619cf5a44d9e","drive":"b!rvlYkZDnrEeE6AMTMhFQ3Gisan59IApKjGWrbIRcUx3MQv9QYniJQY3Go2rc-XXt","file":"01WASUEWCFECDK2ZRL2VGYLRWXZVLN5BIM","table":"{61216FB0-408F-4ACA-A145-47D12409C598}","$filter":"CurrentState eq 'Open'"},"authentication":"@parameters('$authentication')"},"runtimeConfiguration":{"paginationPolicy":{"minimumItemCount":5000}}},"Select":{"runAfter":{"List_rows_present_in_a_table":["Succeeded"]},"metadata":{"operationMetadataId":"1db74b38-9c80-419d-b5c1-661691df912f"},"type":"Select","inputs":{"from":"@outputs('List_rows_present_in_a_table')?['body/value']","select":"@item()?['ID']"}},"List_rows_present_in_a_table_2":{"runAfter":{"CIB":["Succeeded"]},"metadata":{"014QHKHDLBMISLWOQLSJCKBKJ6F5XWBBOM":"/2024/Project/MTTD/MbM-MTTD.xlsx","operationMetadataId":"792485ea-c104-4460-b0f4-d29cd3d06cf9","tableId":"{FDE74591-320A-45DF-BCCA-5673D9EFA8C5}","01WASUEWAJSYFWX2AJRVBJCHTQSYWQ6ATE":"/General/Tushar-MBM/MBM-MTTD.xlsx","01WASUEWCFECDK2ZRL2VGYLRWXZVLN5BIM":"/General/Tushar-MBM/MBM-MTTD Request.xlsx"},"type":"OpenApiConnection","inputs":{"host":{"apiId":"/providers/Microsoft.PowerApps/apis/shared_excelonlinebusiness","connectionName":"shared_excelonlinebusiness_1","operationId":"GetItems"},"parameters":{"source":"groups/56fdfaf9-3c88-4f81-bd81-619cf5a44d9e","drive":"b!rvlYkZDnrEeE6AMTMhFQ3Gisan59IApKjGWrbIRcUx3MQv9QYniJQY3Go2rc-XXt","file":"01WASUEWCFECDK2ZRL2VGYLRWXZVLN5BIM","table":"{FDE74591-320A-45DF-BCCA-5673D9EFA8C5}","$filter":"CurrentState eq 'Open'"},"authentication":"@parameters('$authentication')"},"runtimeConfiguration":{"paginationPolicy":{"minimumItemCount":5000}}},"Select_2":{"runAfter":{"List_rows_present_in_a_table_2":["Succeeded"]},"metadata":{"operationMetadataId":"7068b807-7cde-4b4e-91f8-cb11db2f401c"},"type":"Select","inputs":{"from":"@outputs('List_rows_present_in_a_table_2')?['body/value']","select":"@item()?['ID']"}},"List_rows_present_in_a_table_3":{"runAfter":{"SCP":["Succeeded"]},"metadata":{"014QHKHDLBMISLWOQLSJCKBKJ6F5XWBBOM":"/2024/Project/MTTD/MbM-MTTD.xlsx","operationMetadataId":"792485ea-c104-4460-b0f4-d29cd3d06cf9","tableId":"{BA3FC5F4-8514-479A-B8D4-B913526E3F15}","01WASUEWAJSYFWX2AJRVBJCHTQSYWQ6ATE":"/General/Tushar-MBM/MBM-MTTD.xlsx","01WASUEWCFECDK2ZRL2VGYLRWXZVLN5BIM":"/General/Tushar-MBM/MBM-MTTD Request.xlsx"},"type":"OpenApiConnection","inputs":{"host":{"apiId":"/providers/Microsoft.PowerApps/apis/shared_excelonlinebusiness","connectionName":"shared_excelonlinebusiness_1","operationId":"GetItems"},"parameters":{"source":"groups/56fdfaf9-3c88-4f81-bd81-619cf5a44d9e","drive":"b!rvlYkZDnrEeE6AMTMhFQ3Gisan59IApKjGWrbIRcUx3MQv9QYniJQY3Go2rc-XXt","file":"01WASUEWCFECDK2ZRL2VGYLRWXZVLN5BIM","table":"{BA3FC5F4-8514-479A-B8D4-B913526E3F15}","$filter":"CurrentState eq 'Open'"},"authentication":"@parameters('$authentication')"},"runtimeConfiguration":{"paginationPolicy":{"minimumItemCount":5000}}},"Select_3":{"runAfter":{"List_rows_present_in_a_table_3":["Succeeded"]},"metadata":{"operationMetadataId":"e859f061-9482-49f7-8065-1438827633dc"},"type":"Select","inputs":{"from":"@outputs('List_rows_present_in_a_table_3')?['body/value']","select":"@item()?['ID']"}},"Compose":{"runAfter":{"Select":["Succeeded"]},"metadata":{"operationMetadataId":"5987871a-f2da-4c93-93c2-151fa3e0de1c"},"type":"Compose","inputs":"@union(body('Select'),body('Select'))"},"Compose_2":{"runAfter":{"Select_2":["Succeeded"]},"metadata":{"operationMetadataId":"324bd51e-c02d-4dc6-acdb-47d885e36383"},"type":"Compose","inputs":"@union(body('Select_2'),body('Select_2'))"},"Compose_3":{"runAfter":{"Select_3":["Succeeded"]},"metadata":{"operationMetadataId":"77e95e6f-5450-418e-866e-d6fb2df27316"},"type":"Compose","inputs":"@union(body('Select_3'),body('Select_3'))"},"Run_script_from_SharePoint_library":{"runAfter":{"Apply_to_each":["Succeeded"]},"metadata":{"01WASUEWAJSYFWX2AJRVBJCHTQSYWQ6ATE":"/General/Tushar-MBM/MBM-MTTD.xlsx","01WASUEWABHMR6XLTWI5BYKQY6MYQOKMXQ":"/General/Tushar-MBM/Script.osts","operationMetadataId":"706ae2e1-16c4-4e73-a005-eabe94a95557","tableId":null,"01WASUEWCFECDK2ZRL2VGYLRWXZVLN5BIM":"/General/Tushar-MBM/MBM-MTTD Request.xlsx"},"type":"OpenApiConnection","inputs":{"host":{"apiId":"/providers/Microsoft.PowerApps/apis/shared_excelonlinebusiness","connectionName":"shared_excelonlinebusiness_1","operationId":"RunScriptProdV2"},"parameters":{"source":"groups/56fdfaf9-3c88-4f81-bd81-619cf5a44d9e","drive":"b!rvlYkZDnrEeE6AMTMhFQ3Gisan59IApKjGWrbIRcUx3MQv9QYniJQY3Go2rc-XXt","file":"01WASUEWCFECDK2ZRL2VGYLRWXZVLN5BIM","scriptSource":"groups/56fdfaf9-3c88-4f81-bd81-619cf5a44d9e","scriptDrive":"b!rvlYkZDnrEeE6AMTMhFQ3Gisan59IApKjGWrbIRcUx3MQv9QYniJQY3Go2rc-XXt","scriptId":"01WASUEWABHMR6XLTWI5BYKQY6MYQOKMXQ"},"authentication":"@parameters('$authentication')"}},"Run_script_from_SharePoint_library_2":{"runAfter":{"Apply_to_each_2":["Succeeded"]},"metadata":{"01WASUEWAJSYFWX2AJRVBJCHTQSYWQ6ATE":"/General/Tushar-MBM/MBM-MTTD.xlsx","01WASUEWABHMR6XLTWI5BYKQY6MYQOKMXQ":"/General/Tushar-MBM/Script.osts","01WASUEWEFHZAXQFPE2FGI25UY62B76HYE":"/General/Tushar-MBM/Script 1.osts","operationMetadataId":"b95f62ab-1bae-4d5b-975c-18ab0b9bd666","tableId":null},"type":"OpenApiConnection","inputs":{"host":{"apiId":"/providers/Microsoft.PowerApps/apis/shared_excelonlinebusiness","connectionName":"shared_excelonlinebusiness_1","operationId":"RunScriptProdV2"},"parameters":{"source":"groups/56fdfaf9-3c88-4f81-bd81-619cf5a44d9e","drive":"b!rvlYkZDnrEeE6AMTMhFQ3Gisan59IApKjGWrbIRcUx3MQv9QYniJQY3Go2rc-XXt","file":"/General/Tushar-MBM/MBM-MTTD Request.xlsx","scriptSource":"groups/56fdfaf9-3c88-4f81-bd81-619cf5a44d9e","scriptDrive":"b!rvlYkZDnrEeE6AMTMhFQ3Gisan59IApKjGWrbIRcUx3MQv9QYniJQY3Go2rc-XXt","scriptId":"01WASUEWEFHZAXQFPE2FGI25UY62B76HYE"},"authentication":"@parameters('$authentication')"}},"Run_script_from_SharePoint_library_3":{"runAfter":{"Apply_to_each_3":["Succeeded"]},"metadata":{"01WASUEWAJSYFWX2AJRVBJCHTQSYWQ6ATE":"/General/Tushar-MBM/MBM-MTTD.xlsx","01WASUEWABHMR6XLTWI5BYKQY6MYQOKMXQ":"/General/Tushar-MBM/Script.osts","01WASUEWBC6X2AWBMFOFCIBX3JUHUYB3RJ":"/General/Tushar-MBM/Script 2.osts","operationMetadataId":"466c0492-e88f-448b-a197-e57a4c3703e0","tableId":null},"type":"OpenApiConnection","inputs":{"host":{"apiId":"/providers/Microsoft.PowerApps/apis/shared_excelonlinebusiness","connectionName":"shared_excelonlinebusiness_1","operationId":"RunScriptProdV2"},"parameters":{"source":"groups/56fdfaf9-3c88-4f81-bd81-619cf5a44d9e","drive":"b!rvlYkZDnrEeE6AMTMhFQ3Gisan59IApKjGWrbIRcUx3MQv9QYniJQY3Go2rc-XXt","file":"/General/Tushar-MBM/MBM-MTTD Request.xlsx","scriptSource":"groups/56fdfaf9-3c88-4f81-bd81-619cf5a44d9e","scriptDrive":"b!rvlYkZDnrEeE6AMTMhFQ3Gisan59IApKjGWrbIRcUx3MQv9QYniJQY3Go2rc-XXt","scriptId":"01WASUEWBC6X2AWBMFOFCIBX3JUHUYB3RJ"},"authentication":"@parameters('$authentication')"}},"Compose_4":{"runAfter":{"Run_script_from_SharePoint_library":["Succeeded","Failed"]},"metadata":{"operationMetadataId":"d4087145-6e7a-4168-828a-5f776a3b8a7b"},"type":"Compose","inputs":" "},"Compose_5":{"runAfter":{"Run_script_from_SharePoint_library_2":["Succeeded","Failed"]},"metadata":{"operationMetadataId":"3143a46b-b4cf-4aac-a49f-78a7ca5bb37a"},"type":"Compose","inputs":" "},"Compose_6":{"runAfter":{"Run_script_from_SharePoint_library_3":["Succeeded","Failed"]},"metadata":{"operationMetadataId":"4f48bf5c-32d7-4426-b17a-79790a5fea0b"},"type":"Compose","inputs":" "}}},"connectionReferences":{"shared_service-now":{"connectionName":"shared-service-now-ace211af-7b05-4c15-839d-3df28d3b3c9c","source":"Embedded","id":"/providers/Microsoft.PowerApps/apis/shared_service-now","tier":"NotSpecified"},"shared_excelonlinebusiness_1":{"connectionName":"7ab691d9648a43278ef8cb99cc415458","source":"Embedded","id":"/providers/Microsoft.PowerApps/apis/shared_excelonlinebusiness","tier":"NotSpecified"}},"flowFailureAlertSubscribed":false,"isManaged":false}}