{"name":"deabc087-5f79-46fe-950e-a059e3e6a489","id":"/providers/Microsoft.Flow/flows/deabc087-5f79-46fe-950e-a059e3e6a489","type":"Microsoft.Flow/flows","properties":{"apiId":"/providers/Microsoft.PowerApps/apis/shared_logicflows","displayName":"Request MTTD - Flow 2","definition":{"metadata":{"workflowEntityId":null,"processAdvisorMetadata":null,"flowChargedByPaygo":null,"flowclientsuspensionreason":"None","flowclientsuspensiontime":null,"flowclientsuspensionreasondetails":null,"creator":{"id":"6229caa9-7645-4859-a155-d23671951d42","type":"User","tenantId":"05d75c05-fa1a-42e7-9cf1-eb416c396f2d"},"provisioningMethod":"FromDefinition","failureAlertSubscription":true,"clientLastModifiedTime":"2024-08-27T08:02:43.2586131Z","connectionKeySavedTimeKey":"2024-08-27T08:02:43.2586131Z"},"$schema":"https://schema.management.azure.com/providers/Microsoft.Logic/schemas/2016-06-01/workflowdefinition.json#","contentVersion":"1.0.0.0","parameters":{"$connections":{"defaultValue":{},"type":"Object"},"$authentication":{"defaultValue":{},"type":"SecureObject"}},"triggers":{"Recurrence":{"recurrence":{"frequency":"Minute","interval":3,"timeZone":"India Standard Time"},"metadata":{"operationMetadataId":"fb1f3b43-8542-41d8-ba90-a57f5cdccddb"},"type":"Recurrence"}},"actions":{"LNS":{"runAfter":{},"metadata":{"014QHKHDLBMISLWOQLSJCKBKJ6F5XWBBOM":"/2024/Project/MTTD/MbM-MTTD.xlsx","operationMetadataId":"792485ea-c104-4460-b0f4-d29cd3d06cf9","tableId":"{61216FB0-408F-4ACA-A145-47D12409C598}","01WASUEWAJSYFWX2AJRVBJCHTQSYWQ6ATE":"/General/Tushar-MBM/MBM-MTTD.xlsx","01WASUEWCFECDK2ZRL2VGYLRWXZVLN5BIM":"/General/Tushar-MBM/MBM-MTTD Request.xlsx"},"type":"OpenApiConnection","inputs":{"host":{"apiId":"/providers/Microsoft.PowerApps/apis/shared_excelonlinebusiness","connectionName":"shared_excelonlinebusiness_2","operationId":"GetItems"},"parameters":{"source":"groups/56fdfaf9-3c88-4f81-bd81-619cf5a44d9e","drive":"b!rvlYkZDnrEeE6AMTMhFQ3Gisan59IApKjGWrbIRcUx3MQv9QYniJQY3Go2rc-XXt","file":"01WASUEWCFECDK2ZRL2VGYLRWXZVLN5BIM","table":"{61216FB0-408F-4ACA-A145-47D12409C598}","$filter":"CurrentState ne 'Pending user info'"},"authentication":"@parameters('$authentication')"},"runtimeConfiguration":{"paginationPolicy":{"minimumItemCount":5000}}},"CIB":{"runAfter":{},"metadata":{"014QHKHDLBMISLWOQLSJCKBKJ6F5XWBBOM":"/2024/Project/MTTD/MbM-MTTD.xlsx","operationMetadataId":"792485ea-c104-4460-b0f4-d29cd3d06cf9","tableId":"{FDE74591-320A-45DF-BCCA-5673D9EFA8C5}","01WASUEWAJSYFWX2AJRVBJCHTQSYWQ6ATE":"/General/Tushar-MBM/MBM-MTTD.xlsx"},"type":"OpenApiConnection","inputs":{"host":{"apiId":"/providers/Microsoft.PowerApps/apis/shared_excelonlinebusiness","connectionName":"shared_excelonlinebusiness_2","operationId":"GetItems"},"parameters":{"source":"groups/56fdfaf9-3c88-4f81-bd81-619cf5a44d9e","drive":"b!rvlYkZDnrEeE6AMTMhFQ3Gisan59IApKjGWrbIRcUx3MQv9QYniJQY3Go2rc-XXt","file":"/General/Tushar-MBM/MBM-MTTD Request.xlsx","table":"{FDE74591-320A-45DF-BCCA-5673D9EFA8C5}","$filter":"CurrentState ne 'Pending user info'"},"authentication":"@parameters('$authentication')"},"runtimeConfiguration":{"paginationPolicy":{"minimumItemCount":5000}}},"SCP":{"runAfter":{},"metadata":{"014QHKHDLBMISLWOQLSJCKBKJ6F5XWBBOM":"/2024/Project/MTTD/MbM-MTTD.xlsx","operationMetadataId":"792485ea-c104-4460-b0f4-d29cd3d06cf9","tableId":"{BA3FC5F4-8514-479A-B8D4-B913526E3F15}","01WASUEWAJSYFWX2AJRVBJCHTQSYWQ6ATE":"/General/Tushar-MBM/MBM-MTTD.xlsx"},"type":"OpenApiConnection","inputs":{"host":{"apiId":"/providers/Microsoft.PowerApps/apis/shared_excelonlinebusiness","connectionName":"shared_excelonlinebusiness_2","operationId":"GetItems"},"parameters":{"source":"groups/56fdfaf9-3c88-4f81-bd81-619cf5a44d9e","drive":"b!rvlYkZDnrEeE6AMTMhFQ3Gisan59IApKjGWrbIRcUx3MQv9QYniJQY3Go2rc-XXt","file":"/General/Tushar-MBM/MBM-MTTD Request.xlsx","table":"{BA3FC5F4-8514-479A-B8D4-B913526E3F15}","$filter":"CurrentState ne 'Pending user info'"},"authentication":"@parameters('$authentication')"},"runtimeConfiguration":{"paginationPolicy":{"minimumItemCount":5000}}},"Apply_to_each_2":{"foreach":"@body('Filter_array_8')","actions":{"List_Records":{"runAfter":{},"metadata":{"operationMetadataId":"69ff376f-06f7-4b0c-9585-fd12ae5feea2"},"type":"OpenApiConnection","inputs":{"host":{"apiId":"/providers/Microsoft.PowerApps/apis/shared_service-now","connectionName":"shared_service-now","operationId":"GetRecords"},"parameters":{"tableType":"sc_req_item","sysparm_display_value":true,"sysparm_exclude_reference_link":true,"sysparm_query":"number=@{item()?['ID']}"},"authentication":"@parameters('$authentication')"}},"Apply_to_each_3":{"foreach":"@outputs('List_Records')?['body/result']","actions":{"Check_2":{"actions":{"Re-Assignment_check_2":{"actions":{},"runAfter":{},"else":{"actions":{"Update_a_row_10":{"runAfter":{},"metadata":{"01WASUEWAJSYFWX2AJRVBJCHTQSYWQ6ATE":"/General/Tushar-MBM/MBM-MTTD.xlsx","operationMetadataId":"2b254655-ecdd-4b5f-aa2c-e3e830fc504e","tableId":"{FDE74591-320A-45DF-BCCA-5673D9EFA8C5}"},"type":"OpenApiConnection","inputs":{"host":{"apiId":"/providers/Microsoft.PowerApps/apis/shared_excelonlinebusiness","connectionName":"shared_excelonlinebusiness_2","operationId":"PatchItem"},"parameters":{"source":"groups/56fdfaf9-3c88-4f81-bd81-619cf5a44d9e","drive":"b!rvlYkZDnrEeE6AMTMhFQ3Gisan59IApKjGWrbIRcUx3MQv9QYniJQY3Go2rc-XXt","file":"/General/Tushar-MBM/MBM-MTTD Request.xlsx","table":"{FDE74591-320A-45DF-BCCA-5673D9EFA8C5}","idColumn":"Key","id":"@items('Apply_to_each_3')?['task_effective_number']","item/Key":" ","item/CurrentState":"@items('Apply_to_each_3')?['state']","item/Reassigned":"Y","item/New Assignment Group":"@items('Apply_to_each_3')?['assignment_group']","item/LastUpdateOn(UTC)":"@items('Apply_to_each_3')?['sys_updated_on']"},"authentication":"@parameters('$authentication')"}}}},"expression":{"equals":["@items('Apply_to_each_3')?['assignment_group']","@items('Apply_to_each_2')?['Assignment Group']"]},"metadata":{"operationMetadataId":"db8437bc-1c7e-4802-a4f3-5246fc3d1e31"},"type":"If"}},"runAfter":{},"else":{"actions":{"Check_3":{"actions":{"Filter_array":{"runAfter":{},"metadata":{"operationMetadataId":"7ec46ec2-255d-464a-8e93-9525e4fd5534"},"type":"Query","inputs":{"from":"@body('Filter_array_8')","where":"@and(equals(item()['ID'], items('Apply_to_each_3')?['task_effective_number']), equals(item()['CurrentState'], 'Work in Progress'))"}},"Check_2A":{"actions":{"Update_a_row_3":{"runAfter":{},"metadata":{"01WASUEWAJSYFWX2AJRVBJCHTQSYWQ6ATE":"/General/Tushar-MBM/MBM-MTTD.xlsx","operationMetadataId":"2b254655-ecdd-4b5f-aa2c-e3e830fc504e","tableId":"{FDE74591-320A-45DF-BCCA-5673D9EFA8C5}"},"type":"OpenApiConnection","inputs":{"host":{"apiId":"/providers/Microsoft.PowerApps/apis/shared_excelonlinebusiness","connectionName":"shared_excelonlinebusiness_2","operationId":"PatchItem"},"parameters":{"source":"groups/56fdfaf9-3c88-4f81-bd81-619cf5a44d9e","drive":"b!rvlYkZDnrEeE6AMTMhFQ3Gisan59IApKjGWrbIRcUx3MQv9QYniJQY3Go2rc-XXt","file":"/General/Tushar-MBM/MBM-MTTD Request.xlsx","table":"{FDE74591-320A-45DF-BCCA-5673D9EFA8C5}","idColumn":"Key","id":"@items('Apply_to_each_3')?['task_effective_number']","item/CurrentState":"@items('Apply_to_each_3')?['state']","item/Assigned To":"@items('Apply_to_each_3')?['assigned_to']","item/LastUpdateOn(UTC)":"@items('Apply_to_each_3')?['sys_updated_on']","item/Work In Progress (UTC)":"@items('Apply_to_each_3')?['sys_updated_on']"},"authentication":"@parameters('$authentication')"}}},"runAfter":{"Filter_array":["Succeeded"]},"else":{"actions":{"Re-Assignment_check_4":{"actions":{},"runAfter":{},"else":{"actions":{"Update_a_row_14":{"runAfter":{},"metadata":{"01WASUEWAJSYFWX2AJRVBJCHTQSYWQ6ATE":"/General/Tushar-MBM/MBM-MTTD.xlsx","operationMetadataId":"2b254655-ecdd-4b5f-aa2c-e3e830fc504e","tableId":"{FDE74591-320A-45DF-BCCA-5673D9EFA8C5}"},"type":"OpenApiConnection","inputs":{"host":{"apiId":"/providers/Microsoft.PowerApps/apis/shared_excelonlinebusiness","connectionName":"shared_excelonlinebusiness_2","operationId":"PatchItem"},"parameters":{"source":"groups/56fdfaf9-3c88-4f81-bd81-619cf5a44d9e","drive":"b!rvlYkZDnrEeE6AMTMhFQ3Gisan59IApKjGWrbIRcUx3MQv9QYniJQY3Go2rc-XXt","file":"/General/Tushar-MBM/MBM-MTTD Request.xlsx","table":"{FDE74591-320A-45DF-BCCA-5673D9EFA8C5}","idColumn":"Key","id":"@items('Apply_to_each_3')?['task_effective_number']","item/Key":" ","item/CurrentState":"@items('Apply_to_each_3')?['state']","item/Reassigned":"Y","item/New Assignment Group":"@items('Apply_to_each_3')?['assignment_group']","item/LastUpdateOn(UTC)":"@items('Apply_to_each_3')?['sys_updated_on']"},"authentication":"@parameters('$authentication')"}}}},"expression":{"equals":["@items('Apply_to_each_3')?['assignment_group']","@items('Apply_to_each_2')?['Assignment Group']"]},"metadata":{"operationMetadataId":"db8437bc-1c7e-4802-a4f3-5246fc3d1e31"},"type":"If"}}},"expression":{"equals":["@empty(body('Filter_array'))","@true"]},"metadata":{"operationMetadataId":"c0cd5c2c-0ed7-4e5d-95be-c291ca4a9806"},"type":"If"}},"runAfter":{},"else":{"actions":{"Check_10":{"actions":{"Filter_array_2":{"runAfter":{},"metadata":{"operationMetadataId":"8d442014-978a-461d-bf82-81fac82bd324"},"type":"Query","inputs":{"from":"@body('Filter_array_8')","where":"@and(\n   or(\n        equals(item()?['CurrentState'], 'Pending'),\n        equals(item()?['CurrentState'], 'Pending user info')\n    ),\n    equals(item()['ID'], items('Apply_to_each_3')?['task_effective_number'])\n)"}},"Check_6":{"actions":{"Update_a_row_4":{"runAfter":{},"metadata":{"01WASUEWAJSYFWX2AJRVBJCHTQSYWQ6ATE":"/General/Tushar-MBM/MBM-MTTD.xlsx","operationMetadataId":"2b254655-ecdd-4b5f-aa2c-e3e830fc504e","tableId":"{FDE74591-320A-45DF-BCCA-5673D9EFA8C5}"},"type":"OpenApiConnection","inputs":{"host":{"apiId":"/providers/Microsoft.PowerApps/apis/shared_excelonlinebusiness","connectionName":"shared_excelonlinebusiness_2","operationId":"PatchItem"},"parameters":{"source":"groups/56fdfaf9-3c88-4f81-bd81-619cf5a44d9e","drive":"b!rvlYkZDnrEeE6AMTMhFQ3Gisan59IApKjGWrbIRcUx3MQv9QYniJQY3Go2rc-XXt","file":"/General/Tushar-MBM/MBM-MTTD Request.xlsx","table":"{FDE74591-320A-45DF-BCCA-5673D9EFA8C5}","idColumn":"Key","id":"@items('Apply_to_each_3')?['task_effective_number']","item/Key":" ","item/CurrentState":"@items('Apply_to_each_3')?['state']","item/Assigned To":"@items('Apply_to_each_3')?['assigned_to']","item/LastUpdateOn(UTC)":"@items('Apply_to_each_3')?['sys_updated_on']","item/Pending User Info (UTC)":"@items('Apply_to_each_3')?['sys_updated_on']"},"authentication":"@parameters('$authentication')"}}},"runAfter":{"Filter_array_2":["Succeeded"]},"else":{"actions":{"Condition_2":{"actions":{},"runAfter":{},"else":{"actions":{"Update_a_row_9":{"runAfter":{},"metadata":{"01WASUEWAJSYFWX2AJRVBJCHTQSYWQ6ATE":"/General/Tushar-MBM/MBM-MTTD.xlsx","operationMetadataId":"2b254655-ecdd-4b5f-aa2c-e3e830fc504e","tableId":"{FDE74591-320A-45DF-BCCA-5673D9EFA8C5}"},"type":"OpenApiConnection","inputs":{"host":{"apiId":"/providers/Microsoft.PowerApps/apis/shared_excelonlinebusiness","connectionName":"shared_excelonlinebusiness_2","operationId":"PatchItem"},"parameters":{"source":"groups/56fdfaf9-3c88-4f81-bd81-619cf5a44d9e","drive":"b!rvlYkZDnrEeE6AMTMhFQ3Gisan59IApKjGWrbIRcUx3MQv9QYniJQY3Go2rc-XXt","file":"/General/Tushar-MBM/MBM-MTTD Request.xlsx","table":"{FDE74591-320A-45DF-BCCA-5673D9EFA8C5}","idColumn":"Key","id":"@items('Apply_to_each_3')?['task_effective_number']","item/Key":" ","item/CurrentState":"@items('Apply_to_each_3')?['state']","item/Reassigned":"Y","item/New Assignment Group":"@items('Apply_to_each_3')?['assignment_group']","item/LastUpdateOn(UTC)":"@items('Apply_to_each_3')?['sys_updated_on']"},"authentication":"@parameters('$authentication')"}}}},"expression":{"equals":["@items('Apply_to_each_3')?['assignment_group']","@items('Apply_to_each_2')?['Assignment Group']"]},"metadata":{"operationMetadataId":"642508ce-2028-44a6-b45c-649a1dae26d2"},"type":"If"}}},"expression":{"equals":["@empty(body('Filter_array_2'))","@true"]},"metadata":{"operationMetadataId":"c0cd5c2c-0ed7-4e5d-95be-c291ca4a9806"},"type":"If"}},"runAfter":{},"else":{"actions":{"Update_a_row_17":{"runAfter":{},"metadata":{"01WASUEWAJSYFWX2AJRVBJCHTQSYWQ6ATE":"/General/Tushar-MBM/MBM-MTTD.xlsx","operationMetadataId":"2b254655-ecdd-4b5f-aa2c-e3e830fc504e","tableId":"{FDE74591-320A-45DF-BCCA-5673D9EFA8C5}"},"type":"OpenApiConnection","inputs":{"host":{"apiId":"/providers/Microsoft.PowerApps/apis/shared_excelonlinebusiness","connectionName":"shared_excelonlinebusiness_2","operationId":"PatchItem"},"parameters":{"source":"groups/56fdfaf9-3c88-4f81-bd81-619cf5a44d9e","drive":"b!rvlYkZDnrEeE6AMTMhFQ3Gisan59IApKjGWrbIRcUx3MQv9QYniJQY3Go2rc-XXt","file":"/General/Tushar-MBM/MBM-MTTD Request.xlsx","table":"{FDE74591-320A-45DF-BCCA-5673D9EFA8C5}","idColumn":"Key","id":"@items('Apply_to_each_3')?['task_effective_number']","item/Key":" ","item/CurrentState":"@items('Apply_to_each_3')?['state']","item/Assigned To":"@items('Apply_to_each_3')?['assigned_to']","item/LastUpdateOn(UTC)":"@items('Apply_to_each_3')?['sys_updated_on']","item/Closed (UTC)":"@items('Apply_to_each_3')?['sys_updated_on']"},"authentication":"@parameters('$authentication')"}}}},"expression":{"or":[{"equals":["@items('Apply_to_each_3')?['state']","Pending"]},{"equals":["@items('Apply_to_each_3')?['state']","Pending user info"]}]},"metadata":{"operationMetadataId":"c0cd5c2c-0ed7-4e5d-95be-c291ca4a9806"},"type":"If"}}},"expression":{"equals":["@items('Apply_to_each_3')?['state']","Work in progress"]},"metadata":{"operationMetadataId":"c0cd5c2c-0ed7-4e5d-95be-c291ca4a9806"},"type":"If"}}},"expression":{"equals":["@items('Apply_to_each_3')?['state']","Open"]},"metadata":{"operationMetadataId":"c0cd5c2c-0ed7-4e5d-95be-c291ca4a9806"},"type":"If"}},"runAfter":{"List_Records":["Succeeded"]},"metadata":{"operationMetadataId":"f050dc42-9ac2-4026-a4ea-2c1871720baa"},"type":"Foreach"}},"runAfter":{"Filter_array_8":["Succeeded"]},"metadata":{"operationMetadataId":"787fb763-a66b-464e-9c53-b6fb0a357c21"},"type":"Foreach"},"Apply_to_each_5":{"foreach":"@body('Filter_array_9')","actions":{"List_Records_3":{"runAfter":{},"metadata":{"operationMetadataId":"69ff376f-06f7-4b0c-9585-fd12ae5feea2"},"type":"OpenApiConnection","inputs":{"host":{"apiId":"/providers/Microsoft.PowerApps/apis/shared_service-now","connectionName":"shared_service-now","operationId":"GetRecords"},"parameters":{"tableType":"sc_req_item","sysparm_display_value":true,"sysparm_exclude_reference_link":true,"sysparm_query":"number=@{item()?['ID']}"},"authentication":"@parameters('$authentication')"}},"Apply_to_each_6":{"foreach":"@outputs('List_Records_3')?['body/result']","actions":{"Check_7":{"actions":{"Re-Assignment_check_3":{"actions":{},"runAfter":{},"else":{"actions":{"Update_a_row_12":{"runAfter":{},"metadata":{"01WASUEWAJSYFWX2AJRVBJCHTQSYWQ6ATE":"/General/Tushar-MBM/MBM-MTTD.xlsx","operationMetadataId":"2b254655-ecdd-4b5f-aa2c-e3e830fc504e","tableId":"{BA3FC5F4-8514-479A-B8D4-B913526E3F15}"},"type":"OpenApiConnection","inputs":{"host":{"apiId":"/providers/Microsoft.PowerApps/apis/shared_excelonlinebusiness","connectionName":"shared_excelonlinebusiness_2","operationId":"PatchItem"},"parameters":{"source":"groups/56fdfaf9-3c88-4f81-bd81-619cf5a44d9e","drive":"b!rvlYkZDnrEeE6AMTMhFQ3Gisan59IApKjGWrbIRcUx3MQv9QYniJQY3Go2rc-XXt","file":"/General/Tushar-MBM/MBM-MTTD Request.xlsx","table":"{BA3FC5F4-8514-479A-B8D4-B913526E3F15}","idColumn":"Key","id":"@items('Apply_to_each_6')?['task_effective_number']","item/Key":" ","item/CurrentState":"@items('Apply_to_each_6')?['state']","item/Reassigned":"Y","item/New Assignment Group":"@items('Apply_to_each_6')?['assignment_group']","item/LastUpdateOn(UTC)":"@items('Apply_to_each_6')?['sys_updated_on']"},"authentication":"@parameters('$authentication')"}}}},"expression":{"equals":["@items('Apply_to_each_6')?['assignment_group']","@items('Apply_to_each_5')?['Assignment Group']"]},"metadata":{"operationMetadataId":"0525077c-7a59-4686-a6bc-bc7934649e3f"},"type":"If"}},"runAfter":{},"else":{"actions":{"Check_8":{"actions":{"Filter_array_5":{"runAfter":{},"metadata":{"operationMetadataId":"7ec46ec2-255d-464a-8e93-9525e4fd5534"},"type":"Query","inputs":{"from":"@body('Filter_array_9')","where":"@and(equals(item()['ID'], items('Apply_to_each_6')?['task_effective_number']), equals(item()['CurrentState'], 'Work in Progress'))"}},"Check_2A_3":{"actions":{"Update_a_row_5":{"runAfter":{},"metadata":{"01WASUEWAJSYFWX2AJRVBJCHTQSYWQ6ATE":"/General/Tushar-MBM/MBM-MTTD.xlsx","operationMetadataId":"2b254655-ecdd-4b5f-aa2c-e3e830fc504e","tableId":"{BA3FC5F4-8514-479A-B8D4-B913526E3F15}"},"type":"OpenApiConnection","inputs":{"host":{"apiId":"/providers/Microsoft.PowerApps/apis/shared_excelonlinebusiness","connectionName":"shared_excelonlinebusiness_2","operationId":"PatchItem"},"parameters":{"source":"groups/56fdfaf9-3c88-4f81-bd81-619cf5a44d9e","drive":"b!rvlYkZDnrEeE6AMTMhFQ3Gisan59IApKjGWrbIRcUx3MQv9QYniJQY3Go2rc-XXt","file":"/General/Tushar-MBM/MBM-MTTD Request.xlsx","table":"{BA3FC5F4-8514-479A-B8D4-B913526E3F15}","idColumn":"Key","id":"@items('Apply_to_each_6')?['task_effective_number']","item/CurrentState":"@items('Apply_to_each_6')?['state']","item/Assigned To":"@items('Apply_to_each_6')?['assigned_to']","item/LastUpdateOn(UTC)":"@items('Apply_to_each_6')?['sys_updated_on']","item/Work In Progress (UTC)":"@items('Apply_to_each_6')?['sys_updated_on']"},"authentication":"@parameters('$authentication')"}}},"runAfter":{"Filter_array_5":["Succeeded"]},"else":{"actions":{"Re-Assignment_check_5":{"actions":{},"runAfter":{},"else":{"actions":{"Update_a_row_15":{"runAfter":{},"metadata":{"01WASUEWAJSYFWX2AJRVBJCHTQSYWQ6ATE":"/General/Tushar-MBM/MBM-MTTD.xlsx","operationMetadataId":"2b254655-ecdd-4b5f-aa2c-e3e830fc504e","tableId":"{BA3FC5F4-8514-479A-B8D4-B913526E3F15}"},"type":"OpenApiConnection","inputs":{"host":{"apiId":"/providers/Microsoft.PowerApps/apis/shared_excelonlinebusiness","connectionName":"shared_excelonlinebusiness_2","operationId":"PatchItem"},"parameters":{"source":"groups/56fdfaf9-3c88-4f81-bd81-619cf5a44d9e","drive":"b!rvlYkZDnrEeE6AMTMhFQ3Gisan59IApKjGWrbIRcUx3MQv9QYniJQY3Go2rc-XXt","file":"/General/Tushar-MBM/MBM-MTTD Request.xlsx","table":"{BA3FC5F4-8514-479A-B8D4-B913526E3F15}","idColumn":"Key","id":"@items('Apply_to_each_6')?['task_effective_number']","item/Key":" ","item/CurrentState":"@items('Apply_to_each_6')?['state']","item/Reassigned":"Y","item/New Assignment Group":"@items('Apply_to_each_6')?['assignment_group']","item/LastUpdateOn(UTC)":"@items('Apply_to_each_6')?['sys_updated_on']"},"authentication":"@parameters('$authentication')"}}}},"expression":{"equals":["@items('Apply_to_each_6')?['assignment_group']","@items('Apply_to_each_5')?['Assignment Group']"]},"metadata":{"operationMetadataId":"0525077c-7a59-4686-a6bc-bc7934649e3f"},"type":"If"}}},"expression":{"equals":["@empty(body('Filter_array_5'))","@true"]},"metadata":{"operationMetadataId":"c0cd5c2c-0ed7-4e5d-95be-c291ca4a9806"},"type":"If"}},"runAfter":{},"else":{"actions":{"Check_11":{"actions":{"Filter_array_6":{"runAfter":{},"metadata":{"operationMetadataId":"8d442014-978a-461d-bf82-81fac82bd324"},"type":"Query","inputs":{"from":"@body('Filter_array_9')","where":"@and(\n   or(\n        equals(item()?['CurrentState'], 'Pending'),\n        equals(item()?['CurrentState'], 'Pending user info')\n    ),\n    equals(item()['ID'], items('Apply_to_each_6')?['task_effective_number'])\n)"}},"Check_9":{"actions":{"Update_a_row_6":{"runAfter":{},"metadata":{"01WASUEWAJSYFWX2AJRVBJCHTQSYWQ6ATE":"/General/Tushar-MBM/MBM-MTTD.xlsx","operationMetadataId":"2b254655-ecdd-4b5f-aa2c-e3e830fc504e","tableId":"{BA3FC5F4-8514-479A-B8D4-B913526E3F15}"},"type":"OpenApiConnection","inputs":{"host":{"apiId":"/providers/Microsoft.PowerApps/apis/shared_excelonlinebusiness","connectionName":"shared_excelonlinebusiness_2","operationId":"PatchItem"},"parameters":{"source":"groups/56fdfaf9-3c88-4f81-bd81-619cf5a44d9e","drive":"b!rvlYkZDnrEeE6AMTMhFQ3Gisan59IApKjGWrbIRcUx3MQv9QYniJQY3Go2rc-XXt","file":"/General/Tushar-MBM/MBM-MTTD Request.xlsx","table":"{BA3FC5F4-8514-479A-B8D4-B913526E3F15}","idColumn":"Key","id":"@items('Apply_to_each_6')?['task_effective_number']","item/Key":" ","item/CurrentState":"@items('Apply_to_each_6')?['state']","item/Assigned To":"@items('Apply_to_each_6')?['assigned_to']","item/LastUpdateOn(UTC)":"@items('Apply_to_each_6')?['sys_updated_on']","item/Pending User Info (UTC)":"@items('Apply_to_each_6')?['sys_updated_on']"},"authentication":"@parameters('$authentication')"}}},"runAfter":{"Filter_array_6":["Succeeded"]},"else":{"actions":{"Condition_3":{"actions":{},"runAfter":{},"else":{"actions":{"Update_a_row_11":{"runAfter":{},"metadata":{"01WASUEWAJSYFWX2AJRVBJCHTQSYWQ6ATE":"/General/Tushar-MBM/MBM-MTTD.xlsx","operationMetadataId":"2b254655-ecdd-4b5f-aa2c-e3e830fc504e","tableId":"{BA3FC5F4-8514-479A-B8D4-B913526E3F15}"},"type":"OpenApiConnection","inputs":{"host":{"apiId":"/providers/Microsoft.PowerApps/apis/shared_excelonlinebusiness","connectionName":"shared_excelonlinebusiness_2","operationId":"PatchItem"},"parameters":{"source":"groups/56fdfaf9-3c88-4f81-bd81-619cf5a44d9e","drive":"b!rvlYkZDnrEeE6AMTMhFQ3Gisan59IApKjGWrbIRcUx3MQv9QYniJQY3Go2rc-XXt","file":"/General/Tushar-MBM/MBM-MTTD Request.xlsx","table":"{BA3FC5F4-8514-479A-B8D4-B913526E3F15}","idColumn":"Key","id":"@items('Apply_to_each_6')?['task_effective_number']","item/Key":"  ","item/CurrentState":"@items('Apply_to_each_6')?['state']","item/Reassigned":"Y","item/New Assignment Group":"@items('Apply_to_each_6')?['assignment_group']","item/LastUpdateOn(UTC)":"@items('Apply_to_each_6')?['sys_updated_on']"},"authentication":"@parameters('$authentication')"}}}},"expression":{"equals":["@items('Apply_to_each_6')?['assignment_group']","@items('Apply_to_each_5')?['Assignment Group']"]},"metadata":{"operationMetadataId":"642508ce-2028-44a6-b45c-649a1dae26d2"},"type":"If"}}},"expression":{"equals":["@empty(body('Filter_array_6'))","@true"]},"metadata":{"operationMetadataId":"c0cd5c2c-0ed7-4e5d-95be-c291ca4a9806"},"type":"If"}},"runAfter":{},"else":{"actions":{"Update_a_row_18":{"runAfter":{},"metadata":{"01WASUEWAJSYFWX2AJRVBJCHTQSYWQ6ATE":"/General/Tushar-MBM/MBM-MTTD.xlsx","operationMetadataId":"2b254655-ecdd-4b5f-aa2c-e3e830fc504e","tableId":"{BA3FC5F4-8514-479A-B8D4-B913526E3F15}"},"type":"OpenApiConnection","inputs":{"host":{"apiId":"/providers/Microsoft.PowerApps/apis/shared_excelonlinebusiness","connectionName":"shared_excelonlinebusiness_2","operationId":"PatchItem"},"parameters":{"source":"groups/56fdfaf9-3c88-4f81-bd81-619cf5a44d9e","drive":"b!rvlYkZDnrEeE6AMTMhFQ3Gisan59IApKjGWrbIRcUx3MQv9QYniJQY3Go2rc-XXt","file":"/General/Tushar-MBM/MBM-MTTD Request.xlsx","table":"{BA3FC5F4-8514-479A-B8D4-B913526E3F15}","idColumn":"Key","id":"@items('Apply_to_each_6')?['task_effective_number']","item/Key":" ","item/CurrentState":"@items('Apply_to_each_6')?['state']","item/Assigned To":"@items('Apply_to_each_6')?['assigned_to']","item/LastUpdateOn(UTC)":"@items('Apply_to_each_6')?['sys_updated_on']","item/Closed (UTC)":"@items('Apply_to_each_6')?['sys_updated_on']"},"authentication":"@parameters('$authentication')"}}}},"expression":{"or":[{"equals":["@items('Apply_to_each_6')?['state']","Pending"]},{"equals":["@items('Apply_to_each_6')?['state']","Pending user info"]}]},"metadata":{"operationMetadataId":"c0cd5c2c-0ed7-4e5d-95be-c291ca4a9806"},"type":"If"}}},"expression":{"equals":["@items('Apply_to_each_6')?['state']","Work in Progress"]},"metadata":{"operationMetadataId":"c0cd5c2c-0ed7-4e5d-95be-c291ca4a9806"},"type":"If"}}},"expression":{"equals":["@items('Apply_to_each_6')?['state']","Open"]},"metadata":{"operationMetadataId":"c0cd5c2c-0ed7-4e5d-95be-c291ca4a9806"},"type":"If"}},"runAfter":{"List_Records_3":["Succeeded"]},"metadata":{"operationMetadataId":"f050dc42-9ac2-4026-a4ea-2c1871720baa"},"type":"Foreach"}},"runAfter":{"Filter_array_9":["Succeeded"]},"metadata":{"operationMetadataId":"787fb763-a66b-464e-9c53-b6fb0a357c21"},"type":"Foreach"},"Filter_array_7":{"runAfter":{"LNS":["Succeeded"]},"metadata":{"operationMetadataId":"bb396b49-3122-4fd5-964e-b6c9c6cfa50f"},"type":"Query","inputs":{"from":"@outputs('LNS')?['body/value']","where":"@and(\n   or(\n        equals(item()?['CurrentState'], 'Open'),\n        equals(item()?['CurrentState'], 'Work in Progress')\n    ),\n    not(equals(item()?['Reassigned'], 'Y'))\n)"}},"Filter_array_8":{"runAfter":{"CIB":["Succeeded"]},"metadata":{"operationMetadataId":"17c1df1e-7769-417b-b9ac-237aafc27a62"},"type":"Query","inputs":{"from":"@outputs('CIB')?['body/value']","where":"@and(\n   or(\n        equals(item()?['CurrentState'], 'Open'),\n        equals(item()?['CurrentState'], 'Work in Progress')\n    ),\n    not(equals(item()?['Reassigned'], 'Y'))\n)"}},"Filter_array_9":{"runAfter":{"SCP":["Succeeded"]},"metadata":{"operationMetadataId":"00fd25de-38ba-4a28-9ed8-bb540c53c59f"},"type":"Query","inputs":{"from":"@outputs('SCP')?['body/value']","where":"@and(\n   or(\n        equals(item()?['CurrentState'], 'Open'),\n        equals(item()?['CurrentState'], 'Work in Progress')\n    ),\n    not(equals(item()?['Reassigned'], 'Y'))\n)"}},"Apply_to_each":{"foreach":"@body('Filter_array_7')","actions":{"List_Records_2":{"runAfter":{},"metadata":{"operationMetadataId":"69ff376f-06f7-4b0c-9585-fd12ae5feea2"},"type":"OpenApiConnection","inputs":{"host":{"apiId":"/providers/Microsoft.PowerApps/apis/shared_service-now","connectionName":"shared_service-now","operationId":"GetRecords"},"parameters":{"tableType":"sc_req_item","sysparm_display_value":true,"sysparm_exclude_reference_link":true,"sysparm_query":"number=@{item()?['ID']}"},"authentication":"@parameters('$authentication')"}},"Apply_to_each_4":{"foreach":"@outputs('List_Records_2')?['body/result']","actions":{"Check":{"actions":{"Re-Assignment_check":{"actions":{},"runAfter":{},"else":{"actions":{"Update_a_row_7":{"runAfter":{},"metadata":{"01WASUEWAJSYFWX2AJRVBJCHTQSYWQ6ATE":"/General/Tushar-MBM/MBM-MTTD.xlsx","operationMetadataId":"2b254655-ecdd-4b5f-aa2c-e3e830fc504e","tableId":"{61216FB0-408F-4ACA-A145-47D12409C598}"},"type":"OpenApiConnection","inputs":{"host":{"apiId":"/providers/Microsoft.PowerApps/apis/shared_excelonlinebusiness","connectionName":"shared_excelonlinebusiness_2","operationId":"PatchItem"},"parameters":{"source":"groups/56fdfaf9-3c88-4f81-bd81-619cf5a44d9e","drive":"b!rvlYkZDnrEeE6AMTMhFQ3Gisan59IApKjGWrbIRcUx3MQv9QYniJQY3Go2rc-XXt","file":"/General/Tushar-MBM/MBM-MTTD Request.xlsx","table":"{61216FB0-408F-4ACA-A145-47D12409C598}","idColumn":"Key","id":"@items('Apply_to_each_4')?['task_effective_number']","item/Key":" ","item/CurrentState":"@items('Apply_to_each_4')?['state']","item/Reassigned":"Y","item/New Assignment Group":"@items('Apply_to_each_4')?['assignment_group']","item/LastUpdateOn(UTC)":"@items('Apply_to_each_4')?['sys_updated_on']"},"authentication":"@parameters('$authentication')"}}}},"expression":{"equals":["@items('Apply_to_each_4')?['assignment_group']","@items('Apply_to_each')?['Assignment Group']"]},"metadata":{"operationMetadataId":"339bf926-3a3e-41d5-9a9e-6f27a7f2bdae"},"type":"If"}},"runAfter":{},"else":{"actions":{"Check_4":{"actions":{"Filter_array_3":{"runAfter":{},"metadata":{"operationMetadataId":"7ec46ec2-255d-464a-8e93-9525e4fd5534"},"type":"Query","inputs":{"from":"@body('Filter_array_7')","where":"@and(equals(item()['ID'], items('Apply_to_each_4')?['task_effective_number']), equals(item()['CurrentState'], 'Work in Progress'))"}},"Check_2A_2":{"actions":{"Update_a_row":{"runAfter":{},"metadata":{"01WASUEWAJSYFWX2AJRVBJCHTQSYWQ6ATE":"/General/Tushar-MBM/MBM-MTTD.xlsx","operationMetadataId":"2b254655-ecdd-4b5f-aa2c-e3e830fc504e","tableId":"{61216FB0-408F-4ACA-A145-47D12409C598}"},"type":"OpenApiConnection","inputs":{"host":{"apiId":"/providers/Microsoft.PowerApps/apis/shared_excelonlinebusiness","connectionName":"shared_excelonlinebusiness_2","operationId":"PatchItem"},"parameters":{"source":"groups/56fdfaf9-3c88-4f81-bd81-619cf5a44d9e","drive":"b!rvlYkZDnrEeE6AMTMhFQ3Gisan59IApKjGWrbIRcUx3MQv9QYniJQY3Go2rc-XXt","file":"/General/Tushar-MBM/MBM-MTTD Request.xlsx","table":"{61216FB0-408F-4ACA-A145-47D12409C598}","idColumn":"Key","id":"@items('Apply_to_each_4')?['task_effective_number']","item/CurrentState":"@items('Apply_to_each_4')?['state']","item/Assigned To":"@items('Apply_to_each_4')?['assigned_to']","item/LastUpdateOn(UTC)":"@items('Apply_to_each_4')?['sys_updated_on']","item/Work In Progress (UTC)":"@items('Apply_to_each_4')?['sys_updated_on']"},"authentication":"@parameters('$authentication')"}}},"runAfter":{"Filter_array_3":["Succeeded"]},"else":{"actions":{"Condition":{"actions":{},"runAfter":{},"else":{"actions":{"Update_a_row_8":{"runAfter":{},"metadata":{"01WASUEWAJSYFWX2AJRVBJCHTQSYWQ6ATE":"/General/Tushar-MBM/MBM-MTTD.xlsx","operationMetadataId":"2b254655-ecdd-4b5f-aa2c-e3e830fc504e","tableId":"{61216FB0-408F-4ACA-A145-47D12409C598}"},"type":"OpenApiConnection","inputs":{"host":{"apiId":"/providers/Microsoft.PowerApps/apis/shared_excelonlinebusiness","connectionName":"shared_excelonlinebusiness_2","operationId":"PatchItem"},"parameters":{"source":"groups/56fdfaf9-3c88-4f81-bd81-619cf5a44d9e","drive":"b!rvlYkZDnrEeE6AMTMhFQ3Gisan59IApKjGWrbIRcUx3MQv9QYniJQY3Go2rc-XXt","file":"/General/Tushar-MBM/MBM-MTTD Request.xlsx","table":"{61216FB0-408F-4ACA-A145-47D12409C598}","idColumn":"Key","id":"@items('Apply_to_each_4')?['task_effective_number']","item/Key":" ","item/CurrentState":"@items('Apply_to_each_4')?['state']","item/Reassigned":"Y","item/New Assignment Group":"@items('Apply_to_each_4')?['assignment_group']","item/LastUpdateOn(UTC)":"@items('Apply_to_each_4')?['sys_updated_on']"},"authentication":"@parameters('$authentication')"}}}},"expression":{"equals":["@items('Apply_to_each_4')?['assignment_group']","@items('Apply_to_each')?['Assignment Group']"]},"metadata":{"operationMetadataId":"642508ce-2028-44a6-b45c-649a1dae26d2"},"type":"If"}}},"expression":{"equals":["@empty(body('Filter_array_3'))","@true"]},"metadata":{"operationMetadataId":"c0cd5c2c-0ed7-4e5d-95be-c291ca4a9806"},"type":"If"}},"runAfter":{},"else":{"actions":{"Check_Pending":{"actions":{"Filter_array_4":{"runAfter":{},"metadata":{"operationMetadataId":"8d442014-978a-461d-bf82-81fac82bd324"},"type":"Query","inputs":{"from":"@body('Filter_array_7')","where":"@and(\n   or(\n        equals(item()?['CurrentState'], 'Pending'),\n        equals(item()?['CurrentState'], 'Pending user info')\n    ),\n    equals(item()['ID'], items('Apply_to_each_4')?['task_effective_number'])\n)"}},"Check_5":{"actions":{"Update_a_row_2":{"runAfter":{},"metadata":{"01WASUEWAJSYFWX2AJRVBJCHTQSYWQ6ATE":"/General/Tushar-MBM/MBM-MTTD.xlsx","operationMetadataId":"2b254655-ecdd-4b5f-aa2c-e3e830fc504e","tableId":"{61216FB0-408F-4ACA-A145-47D12409C598}"},"type":"OpenApiConnection","inputs":{"host":{"apiId":"/providers/Microsoft.PowerApps/apis/shared_excelonlinebusiness","connectionName":"shared_excelonlinebusiness_2","operationId":"PatchItem"},"parameters":{"source":"groups/56fdfaf9-3c88-4f81-bd81-619cf5a44d9e","drive":"b!rvlYkZDnrEeE6AMTMhFQ3Gisan59IApKjGWrbIRcUx3MQv9QYniJQY3Go2rc-XXt","file":"/General/Tushar-MBM/MBM-MTTD Request.xlsx","table":"{61216FB0-408F-4ACA-A145-47D12409C598}","idColumn":"Key","id":"@items('Apply_to_each_4')?['task_effective_number']","item/Key":" ","item/CurrentState":"@items('Apply_to_each_4')?['state']","item/Assigned To":"@items('Apply_to_each_4')?['assigned_to']","item/LastUpdateOn(UTC)":"@items('Apply_to_each_4')?['sys_updated_on']","item/Pending User Info (UTC)":"@items('Apply_to_each_4')?['sys_updated_on']"},"authentication":"@parameters('$authentication')"}}},"runAfter":{"Filter_array_4":["Succeeded"]},"else":{"actions":{"Condition_4":{"actions":{},"runAfter":{},"else":{"actions":{"Update_a_row_13":{"runAfter":{},"metadata":{"01WASUEWAJSYFWX2AJRVBJCHTQSYWQ6ATE":"/General/Tushar-MBM/MBM-MTTD.xlsx","operationMetadataId":"2b254655-ecdd-4b5f-aa2c-e3e830fc504e","tableId":"{61216FB0-408F-4ACA-A145-47D12409C598}"},"type":"OpenApiConnection","inputs":{"host":{"apiId":"/providers/Microsoft.PowerApps/apis/shared_excelonlinebusiness","connectionName":"shared_excelonlinebusiness_2","operationId":"PatchItem"},"parameters":{"source":"groups/56fdfaf9-3c88-4f81-bd81-619cf5a44d9e","drive":"b!rvlYkZDnrEeE6AMTMhFQ3Gisan59IApKjGWrbIRcUx3MQv9QYniJQY3Go2rc-XXt","file":"/General/Tushar-MBM/MBM-MTTD Request.xlsx","table":"{61216FB0-408F-4ACA-A145-47D12409C598}","idColumn":"Key","id":"@items('Apply_to_each_4')?['task_effective_number']","item/Key":" ","item/CurrentState":"@items('Apply_to_each_4')?['state']","item/Reassigned":"Y","item/New Assignment Group":"@items('Apply_to_each_4')?['assignment_group']","item/LastUpdateOn(UTC)":"@items('Apply_to_each_4')?['sys_updated_on']"},"authentication":"@parameters('$authentication')"}}}},"expression":{"equals":["@items('Apply_to_each_4')?['assignment_group']","@items('Apply_to_each')['Assignment Group']"]},"metadata":{"operationMetadataId":"642508ce-2028-44a6-b45c-649a1dae26d2"},"type":"If"}}},"expression":{"equals":["@empty(body('Filter_array_4'))","@true"]},"metadata":{"operationMetadataId":"c0cd5c2c-0ed7-4e5d-95be-c291ca4a9806"},"type":"If"}},"runAfter":{},"else":{"actions":{"Update_a_row_16":{"runAfter":{},"metadata":{"01WASUEWAJSYFWX2AJRVBJCHTQSYWQ6ATE":"/General/Tushar-MBM/MBM-MTTD.xlsx","operationMetadataId":"2b254655-ecdd-4b5f-aa2c-e3e830fc504e","tableId":"{61216FB0-408F-4ACA-A145-47D12409C598}"},"type":"OpenApiConnection","inputs":{"host":{"apiId":"/providers/Microsoft.PowerApps/apis/shared_excelonlinebusiness","connectionName":"shared_excelonlinebusiness_2","operationId":"PatchItem"},"parameters":{"source":"groups/56fdfaf9-3c88-4f81-bd81-619cf5a44d9e","drive":"b!rvlYkZDnrEeE6AMTMhFQ3Gisan59IApKjGWrbIRcUx3MQv9QYniJQY3Go2rc-XXt","file":"/General/Tushar-MBM/MBM-MTTD Request.xlsx","table":"{61216FB0-408F-4ACA-A145-47D12409C598}","idColumn":"Key","id":"@items('Apply_to_each_4')?['task_effective_number']","item/Key":" ","item/CurrentState":"@items('Apply_to_each_4')?['state']","item/Assigned To":"@items('Apply_to_each_4')?['assigned_to']","item/LastUpdateOn(UTC)":"@items('Apply_to_each_4')?['sys_updated_on']","item/Closed (UTC)":"@items('Apply_to_each_4')?['sys_updated_on']"},"authentication":"@parameters('$authentication')"}}}},"expression":{"or":[{"equals":["@items('Apply_to_each_4')?['state']","Pending"]},{"equals":["@items('Apply_to_each_4')?['state']","Pending user info"]}]},"metadata":{"operationMetadataId":"c0cd5c2c-0ed7-4e5d-95be-c291ca4a9806"},"type":"If"}}},"expression":{"equals":["@items('Apply_to_each_4')?['state']","Work in Progress"]},"metadata":{"operationMetadataId":"c0cd5c2c-0ed7-4e5d-95be-c291ca4a9806"},"type":"If"}}},"expression":{"equals":["@items('Apply_to_each_4')?['state']","Open"]},"metadata":{"operationMetadataId":"c0cd5c2c-0ed7-4e5d-95be-c291ca4a9806"},"type":"If"}},"runAfter":{"List_Records_2":["Succeeded"]},"metadata":{"operationMetadataId":"f050dc42-9ac2-4026-a4ea-2c1871720baa"},"type":"Foreach"}},"runAfter":{"Filter_array_7":["Succeeded"]},"metadata":{"operationMetadataId":"787fb763-a66b-464e-9c53-b6fb0a357c21"},"type":"Foreach"},"Compose_2":{"runAfter":{"Apply_to_each_2":["Succeeded","Failed"],"Apply_to_each_5":["Succeeded","Failed"],"Apply_to_each":["Succeeded","Failed","Skipped","TimedOut"]},"metadata":{"operationMetadataId":"24d68bc6-a5c0-4a46-8d31-1c94e443dad0"},"type":"Compose","inputs":"  "}}},"connectionReferences":{"shared_excelonlinebusiness_2":{"connectionName":"7ab691d9648a43278ef8cb99cc415458","source":"Embedded","id":"/providers/Microsoft.PowerApps/apis/shared_excelonlinebusiness","tier":"NotSpecified"},"shared_service-now":{"connectionName":"shared-service-now-ace211af-7b05-4c15-839d-3df28d3b3c9c","source":"Embedded","id":"/providers/Microsoft.PowerApps/apis/shared_service-now","tier":"NotSpecified"}},"flowFailureAlertSubscribed":false,"isManaged":false}}