{"name":"cb646e49-19eb-4780-bc1f-e90e3ef6d0b6","id":"/providers/Microsoft.Flow/flows/cb646e49-19eb-4780-bc1f-e90e3ef6d0b6","type":"Microsoft.Flow/flows","properties":{"apiId":"/providers/Microsoft.PowerApps/apis/shared_logicflows","displayName":"MTTD - Flow 1","definition":{"metadata":{"workflowEntityId":null,"processAdvisorMetadata":null,"flowChargedByPaygo":null,"flowclientsuspensionreason":"None","flowclientsuspensiontime":null,"flowclientsuspensionreasondetails":null,"creator":{"id":"ec41ba79-08c4-4128-92a6-fb124009e79f","type":"User","tenantId":"05d75c05-fa1a-42e7-9cf1-eb416c396f2d"},"provisioningMethod":"FromDefinition","failureAlertSubscription":true,"clientLastModifiedTime":"2024-07-28T13:28:58.2216065Z","connectionKeySavedTimeKey":"2024-07-28T13:28:58.2216065Z"},"$schema":"https://schema.management.azure.com/providers/Microsoft.Logic/schemas/2016-06-01/workflowdefinition.json#","contentVersion":"1.0.0.0","parameters":{"$connections":{"defaultValue":{},"type":"Object"},"$authentication":{"defaultValue":{},"type":"SecureObject"}},"triggers":{"Recurrence":{"recurrence":{"frequency":"Second","interval":90},"metadata":{"operationMetadataId":"4be75ccc-dcce-4310-b0bb-1c544c422264"},"type":"Recurrence"}},"actions":{"LNS":{"runAfter":{},"metadata":{"operationMetadataId":"69ff376f-06f7-4b0c-9585-fd12ae5feea2"},"type":"OpenApiConnection","inputs":{"host":{"apiId":"/providers/Microsoft.PowerApps/apis/shared_service-now","connectionName":"shared_service-now_1","operationId":"GetRecords"},"parameters":{"tableType":"incident","sysparm_display_value":true,"sysparm_exclude_reference_link":true,"sysparm_query":"assignment_group=7a0a1c244fc1fa405f1db7718110c75b^ORassignment_group=b03a3c3f471539d0dd02e929736d43f1^state=1^sys_updated_onONToday@javascript:gs.beginningOfToday()@javascript:gs.endOfToday()"},"authentication":"@parameters('$authentication')"}},"Apply_to_each":{"foreach":"@outputs('LNS')?['body/result']","actions":{"Condition":{"actions":{},"runAfter":{},"else":{"actions":{"Add_a_row_into_a_table":{"runAfter":{},"metadata":{"014QHKHDLBMISLWOQLSJCKBKJ6F5XWBBOM":"/2024/Project/MTTD/MbM-MTTD.xlsx","operationMetadataId":"51cddde4-5fa1-4c20-941f-0c14c0fbd3b0","tableId":"{61216FB0-408F-4ACA-A145-47D12409C598}","01WASUEWAJSYFWX2AJRVBJCHTQSYWQ6ATE":"/General/Tushar-MBM/MBM-MTTD.xlsx"},"type":"OpenApiConnection","inputs":{"host":{"apiId":"/providers/Microsoft.PowerApps/apis/shared_excelonlinebusiness","connectionName":"shared_excelonlinebusiness_1","operationId":"AddRowV2"},"parameters":{"source":"groups/56fdfaf9-3c88-4f81-bd81-619cf5a44d9e","drive":"b!rvlYkZDnrEeE6AMTMhFQ3Gisan59IApKjGWrbIRcUx3MQv9QYniJQY3Go2rc-XXt","file":"01WASUEWAJSYFWX2AJRVBJCHTQSYWQ6ATE","table":"{61216FB0-408F-4ACA-A145-47D12409C598}","item/ID":"@items('Apply_to_each')?['number']","item/Key":"@items('Apply_to_each')?['number']","item/CurrentState":"@items('Apply_to_each')?['state']","item/Assignment Group":"@items('Apply_to_each')?['assignment_group']","item/Assigned To":"@items('Apply_to_each')?['assigned_to']","item/Created on(UTC)":"@items('Apply_to_each')?['sys_created_on']","item/LastUpdateOn(UTC)":"@items('Apply_to_each')?['sys_updated_on']","item/Assigned (UTC)":"@items('Apply_to_each')?['sys_updated_on']"},"authentication":"@parameters('$authentication')"}}}},"expression":{"contains":["@outputs('Compose')","@items('Apply_to_each')?['number']"]},"metadata":{"operationMetadataId":"72555953-fe91-48d1-8744-924157411760"},"type":"If"}},"runAfter":{"Compose":["Succeeded"]},"metadata":{"operationMetadataId":"64f97f7d-907d-4961-8c22-e5114bfce8e6"},"type":"Foreach"},"CIB":{"runAfter":{},"metadata":{"operationMetadataId":"736be836-337c-47e7-9600-37739c09a25c"},"type":"OpenApiConnection","inputs":{"host":{"apiId":"/providers/Microsoft.PowerApps/apis/shared_service-now","connectionName":"shared_service-now_1","operationId":"GetRecords"},"parameters":{"tableType":"incident","sysparm_display_value":true,"sysparm_exclude_reference_link":true,"sysparm_query":"assignment_group=ae78c139dbebf3c06bf75ad6dc961900^ORassignment_group=d5a5c53ddb2bf3c06bf75ad6dc96199e^ORassignment_group=f130026d1ba2d8d4d987a796bd4bcb12^ORassignment_group=7e005c92db9144546e585487dc961974^ORassignment_group=130a1c244fc1fa405f1db7718110c78d^state=1^sys_updated_onONToday@javascript:gs.beginningOfToday()@javascript:gs.endOfToday()"},"authentication":"@parameters('$authentication')"}},"Apply_to_each_2":{"foreach":"@outputs('CIB')?['body/result']","actions":{"Condition_2":{"actions":{},"runAfter":{},"else":{"actions":{"Add_a_row_into_a_table_2":{"runAfter":{},"metadata":{"014QHKHDLBMISLWOQLSJCKBKJ6F5XWBBOM":"/2024/Project/MTTD/MbM-MTTD.xlsx","operationMetadataId":"51cddde4-5fa1-4c20-941f-0c14c0fbd3b0","tableId":"{5DAC4DF7-FFF6-42A6-9967-6BAA590FEE35}","01WASUEWAJSYFWX2AJRVBJCHTQSYWQ6ATE":"/General/Tushar-MBM/MBM-MTTD.xlsx"},"type":"OpenApiConnection","inputs":{"host":{"apiId":"/providers/Microsoft.PowerApps/apis/shared_excelonlinebusiness","connectionName":"shared_excelonlinebusiness_1","operationId":"AddRowV2"},"parameters":{"source":"groups/56fdfaf9-3c88-4f81-bd81-619cf5a44d9e","drive":"b!rvlYkZDnrEeE6AMTMhFQ3Gisan59IApKjGWrbIRcUx3MQv9QYniJQY3Go2rc-XXt","file":"01WASUEWAJSYFWX2AJRVBJCHTQSYWQ6ATE","table":"{5DAC4DF7-FFF6-42A6-9967-6BAA590FEE35}","item/ID":"@items('Apply_to_each_2')?['number']","item/Key":"@items('Apply_to_each_2')?['number']","item/CurrentState":"@items('Apply_to_each_2')?['state']","item/Assignment Group":"@items('Apply_to_each_2')?['assignment_group']","item/Assigned To":"@items('Apply_to_each_2')?['assigned_to']","item/Created on(UTC)":"@items('Apply_to_each_2')?['sys_created_on']","item/LastUpdateOn(UTC)":"@items('Apply_to_each_2')?['sys_updated_on']","item/Assigned (UTC)":"@items('Apply_to_each_2')?['sys_updated_on']"},"authentication":"@parameters('$authentication')"}}}},"expression":{"contains":["@outputs('Compose_2')","@items('Apply_to_each_2')?['number']"]},"metadata":{"operationMetadataId":"e5a17bca-1d32-445b-8164-4bc741aed5e7"},"type":"If"}},"runAfter":{"Compose_2":["Succeeded"]},"metadata":{"operationMetadataId":"64f97f7d-907d-4961-8c22-e5114bfce8e6"},"type":"Foreach"},"SCP":{"runAfter":{},"metadata":{"operationMetadataId":"587460dc-43cd-4769-a612-5bf902502828"},"type":"OpenApiConnection","inputs":{"host":{"apiId":"/providers/Microsoft.PowerApps/apis/shared_service-now","connectionName":"shared_service-now_1","operationId":"GetRecords"},"parameters":{"tableType":"incident","sysparm_display_value":true,"sysparm_exclude_reference_link":true,"sysparm_query":"assignment_group=7a5408871b4f9c10d6232f0a2d4bcb29^ORassignment_group=c1a2400fdb9070589c753dd5f39619e4^ORassignment_group=be3af4ff1bddf11464f9ed32b24bcbc0^ORassignment_group=0423b37fdb845c107cd4593cd39619b9^ORassignment_group=38c6b07f97d9f9d0b9a3fdc11153af46^ORassignment_group=9f1ae7298336f154eb706940ceaad32a^ORassignment_group=ec1df1cf1b87e990e3d24157b04bcbd6^state=1^sys_updated_onONToday@javascript:gs.beginningOfToday()@javascript:gs.endOfToday()"},"authentication":"@parameters('$authentication')"}},"Apply_to_each_3":{"foreach":"@outputs('SCP')?['body/result']","actions":{"Condition_3":{"actions":{},"runAfter":{},"else":{"actions":{"Add_a_row_into_a_table_3":{"runAfter":{},"metadata":{"014QHKHDLBMISLWOQLSJCKBKJ6F5XWBBOM":"/2024/Project/MTTD/MbM-MTTD.xlsx","operationMetadataId":"51cddde4-5fa1-4c20-941f-0c14c0fbd3b0","tableId":"{ECF01196-31FD-483D-8C9F-53AE8B4334EF}","01WASUEWAJSYFWX2AJRVBJCHTQSYWQ6ATE":"/General/Tushar-MBM/MBM-MTTD.xlsx"},"type":"OpenApiConnection","inputs":{"host":{"apiId":"/providers/Microsoft.PowerApps/apis/shared_excelonlinebusiness","connectionName":"shared_excelonlinebusiness_1","operationId":"AddRowV2"},"parameters":{"source":"groups/56fdfaf9-3c88-4f81-bd81-619cf5a44d9e","drive":"b!rvlYkZDnrEeE6AMTMhFQ3Gisan59IApKjGWrbIRcUx3MQv9QYniJQY3Go2rc-XXt","file":"01WASUEWAJSYFWX2AJRVBJCHTQSYWQ6ATE","table":"{ECF01196-31FD-483D-8C9F-53AE8B4334EF}","item/ID":"@items('Apply_to_each_3')?['number']","item/Key":"@items('Apply_to_each_3')?['number']","item/CurrentState":"@items('Apply_to_each_3')?['state']","item/Assignment Group":"@items('Apply_to_each_3')?['assignment_group']","item/Assigned To":"@items('Apply_to_each_3')?['assigned_to']","item/Created on(UTC)":"@items('Apply_to_each_3')?['sys_created_on']","item/LastUpdateOn(UTC)":"@items('Apply_to_each_3')?['sys_updated_on']","item/Assigned (UTC)":"@items('Apply_to_each_3')?['sys_updated_on']"},"authentication":"@parameters('$authentication')"}}}},"expression":{"contains":["@outputs('Compose_3')","@items('Apply_to_each_3')?['number']"]},"metadata":{"operationMetadataId":"168e6d9f-5d10-4ac2-8f21-868d5d08fc4e"},"type":"If"}},"runAfter":{"Compose_3":["Succeeded"]},"metadata":{"operationMetadataId":"64f97f7d-907d-4961-8c22-e5114bfce8e6"},"type":"Foreach"},"List_rows_present_in_a_table":{"runAfter":{"LNS":["Succeeded"]},"metadata":{"014QHKHDLBMISLWOQLSJCKBKJ6F5XWBBOM":"/2024/Project/MTTD/MbM-MTTD.xlsx","operationMetadataId":"792485ea-c104-4460-b0f4-d29cd3d06cf9","tableId":"{61216FB0-408F-4ACA-A145-47D12409C598}","01WASUEWAJSYFWX2AJRVBJCHTQSYWQ6ATE":"/General/Tushar-MBM/MBM-MTTD.xlsx"},"type":"OpenApiConnection","inputs":{"host":{"apiId":"/providers/Microsoft.PowerApps/apis/shared_excelonlinebusiness","connectionName":"shared_excelonlinebusiness_1","operationId":"GetItems"},"parameters":{"source":"groups/56fdfaf9-3c88-4f81-bd81-619cf5a44d9e","drive":"b!rvlYkZDnrEeE6AMTMhFQ3Gisan59IApKjGWrbIRcUx3MQv9QYniJQY3Go2rc-XXt","file":"01WASUEWAJSYFWX2AJRVBJCHTQSYWQ6ATE","table":"{61216FB0-408F-4ACA-A145-47D12409C598}","$filter":"CurrentState eq 'Assigned'"},"authentication":"@parameters('$authentication')"},"runtimeConfiguration":{"paginationPolicy":{"minimumItemCount":5000}}},"Select":{"runAfter":{"List_rows_present_in_a_table":["Succeeded"]},"metadata":{"operationMetadataId":"1db74b38-9c80-419d-b5c1-661691df912f"},"type":"Select","inputs":{"from":"@outputs('List_rows_present_in_a_table')?['body/value']","select":"@item()?['ID']"}},"List_rows_present_in_a_table_2":{"runAfter":{"CIB":["Succeeded"]},"metadata":{"014QHKHDLBMISLWOQLSJCKBKJ6F5XWBBOM":"/2024/Project/MTTD/MbM-MTTD.xlsx","operationMetadataId":"792485ea-c104-4460-b0f4-d29cd3d06cf9","tableId":"{5DAC4DF7-FFF6-42A6-9967-6BAA590FEE35}","01WASUEWAJSYFWX2AJRVBJCHTQSYWQ6ATE":"/General/Tushar-MBM/MBM-MTTD.xlsx"},"type":"OpenApiConnection","inputs":{"host":{"apiId":"/providers/Microsoft.PowerApps/apis/shared_excelonlinebusiness","connectionName":"shared_excelonlinebusiness_1","operationId":"GetItems"},"parameters":{"source":"groups/56fdfaf9-3c88-4f81-bd81-619cf5a44d9e","drive":"b!rvlYkZDnrEeE6AMTMhFQ3Gisan59IApKjGWrbIRcUx3MQv9QYniJQY3Go2rc-XXt","file":"01WASUEWAJSYFWX2AJRVBJCHTQSYWQ6ATE","table":"{5DAC4DF7-FFF6-42A6-9967-6BAA590FEE35}","$filter":"CurrentState eq 'Assigned'"},"authentication":"@parameters('$authentication')"},"runtimeConfiguration":{"paginationPolicy":{"minimumItemCount":5000}}},"Select_2":{"runAfter":{"List_rows_present_in_a_table_2":["Succeeded"]},"metadata":{"operationMetadataId":"7068b807-7cde-4b4e-91f8-cb11db2f401c"},"type":"Select","inputs":{"from":"@outputs('List_rows_present_in_a_table_2')?['body/value']","select":"@item()?['ID']"}},"List_rows_present_in_a_table_3":{"runAfter":{"SCP":["Succeeded"]},"metadata":{"014QHKHDLBMISLWOQLSJCKBKJ6F5XWBBOM":"/2024/Project/MTTD/MbM-MTTD.xlsx","operationMetadataId":"792485ea-c104-4460-b0f4-d29cd3d06cf9","tableId":"{ECF01196-31FD-483D-8C9F-53AE8B4334EF}","01WASUEWAJSYFWX2AJRVBJCHTQSYWQ6ATE":"/General/Tushar-MBM/MBM-MTTD.xlsx"},"type":"OpenApiConnection","inputs":{"host":{"apiId":"/providers/Microsoft.PowerApps/apis/shared_excelonlinebusiness","connectionName":"shared_excelonlinebusiness_1","operationId":"GetItems"},"parameters":{"source":"groups/56fdfaf9-3c88-4f81-bd81-619cf5a44d9e","drive":"b!rvlYkZDnrEeE6AMTMhFQ3Gisan59IApKjGWrbIRcUx3MQv9QYniJQY3Go2rc-XXt","file":"01WASUEWAJSYFWX2AJRVBJCHTQSYWQ6ATE","table":"{ECF01196-31FD-483D-8C9F-53AE8B4334EF}","$filter":"CurrentState eq 'Assigned'"},"authentication":"@parameters('$authentication')"},"runtimeConfiguration":{"paginationPolicy":{"minimumItemCount":5000}}},"Select_3":{"runAfter":{"List_rows_present_in_a_table_3":["Succeeded"]},"metadata":{"operationMetadataId":"e859f061-9482-49f7-8065-1438827633dc"},"type":"Select","inputs":{"from":"@outputs('List_rows_present_in_a_table_3')?['body/value']","select":"@item()?['ID']"}},"Compose":{"runAfter":{"Select":["Succeeded"]},"metadata":{"operationMetadataId":"5987871a-f2da-4c93-93c2-151fa3e0de1c"},"type":"Compose","inputs":"@union(body('Select'),body('Select'))"},"Compose_2":{"runAfter":{"Select_2":["Succeeded"]},"metadata":{"operationMetadataId":"324bd51e-c02d-4dc6-acdb-47d885e36383"},"type":"Compose","inputs":"@union(body('Select_2'),body('Select_2'))"},"Compose_3":{"runAfter":{"Select_3":["Succeeded"]},"metadata":{"operationMetadataId":"77e95e6f-5450-418e-866e-d6fb2df27316"},"type":"Compose","inputs":"@union(body('Select_3'),body('Select_3'))"},"Run_script_from_SharePoint_library":{"runAfter":{"Apply_to_each_2":["Succeeded"]},"metadata":{"01WASUEWAJSYFWX2AJRVBJCHTQSYWQ6ATE":"/General/Tushar-MBM/MBM-MTTD.xlsx","01WASUEWEFHZAXQFPE2FGI25UY62B76HYE":"/General/Tushar-MBM/Script 1.osts","operationMetadataId":"8154eb0a-b9b4-459e-92a0-ade775e5019e"},"type":"OpenApiConnection","inputs":{"host":{"apiId":"/providers/Microsoft.PowerApps/apis/shared_excelonlinebusiness","connectionName":"shared_excelonlinebusiness","operationId":"RunScriptProdV2"},"parameters":{"source":"groups/56fdfaf9-3c88-4f81-bd81-619cf5a44d9e","drive":"b!rvlYkZDnrEeE6AMTMhFQ3Gisan59IApKjGWrbIRcUx3MQv9QYniJQY3Go2rc-XXt","file":"01WASUEWAJSYFWX2AJRVBJCHTQSYWQ6ATE","scriptSource":"groups/56fdfaf9-3c88-4f81-bd81-619cf5a44d9e","scriptDrive":"b!rvlYkZDnrEeE6AMTMhFQ3Gisan59IApKjGWrbIRcUx3MQv9QYniJQY3Go2rc-XXt","scriptId":"01WASUEWEFHZAXQFPE2FGI25UY62B76HYE"},"authentication":"@parameters('$authentication')"}},"Run_script_from_SharePoint_library_2":{"runAfter":{"Apply_to_each_3":["Succeeded"]},"metadata":{"01WASUEWAJSYFWX2AJRVBJCHTQSYWQ6ATE":"/General/Tushar-MBM/MBM-MTTD.xlsx","01WASUEWEFHZAXQFPE2FGI25UY62B76HYE":"/General/Tushar-MBM/Script 1.osts","01WASUEWBC6X2AWBMFOFCIBX3JUHUYB3RJ":"/General/Tushar-MBM/Script 2.osts","operationMetadataId":"a26cfa85-6c1d-4750-8682-c09ab7d06661"},"type":"OpenApiConnection","inputs":{"host":{"apiId":"/providers/Microsoft.PowerApps/apis/shared_excelonlinebusiness","connectionName":"shared_excelonlinebusiness","operationId":"RunScriptProdV2"},"parameters":{"source":"groups/56fdfaf9-3c88-4f81-bd81-619cf5a44d9e","drive":"b!rvlYkZDnrEeE6AMTMhFQ3Gisan59IApKjGWrbIRcUx3MQv9QYniJQY3Go2rc-XXt","file":"01WASUEWAJSYFWX2AJRVBJCHTQSYWQ6ATE","scriptSource":"groups/56fdfaf9-3c88-4f81-bd81-619cf5a44d9e","scriptDrive":"b!rvlYkZDnrEeE6AMTMhFQ3Gisan59IApKjGWrbIRcUx3MQv9QYniJQY3Go2rc-XXt","scriptId":"01WASUEWBC6X2AWBMFOFCIBX3JUHUYB3RJ"},"authentication":"@parameters('$authentication')"}},"Run_script_from_SharePoint_library_3":{"runAfter":{"Apply_to_each":["Succeeded"]},"metadata":{"01WASUEWAJSYFWX2AJRVBJCHTQSYWQ6ATE":"/General/Tushar-MBM/MBM-MTTD.xlsx","01WASUEWEFHZAXQFPE2FGI25UY62B76HYE":"/General/Tushar-MBM/Script 1.osts","01WASUEWABHMR6XLTWI5BYKQY6MYQOKMXQ":"/General/Tushar-MBM/Script.osts","operationMetadataId":"068cd292-9c36-4a41-a92f-f4a46b9ba985"},"type":"OpenApiConnection","inputs":{"host":{"apiId":"/providers/Microsoft.PowerApps/apis/shared_excelonlinebusiness","connectionName":"shared_excelonlinebusiness","operationId":"RunScriptProdV2"},"parameters":{"source":"groups/56fdfaf9-3c88-4f81-bd81-619cf5a44d9e","drive":"b!rvlYkZDnrEeE6AMTMhFQ3Gisan59IApKjGWrbIRcUx3MQv9QYniJQY3Go2rc-XXt","file":"01WASUEWAJSYFWX2AJRVBJCHTQSYWQ6ATE","scriptSource":"groups/56fdfaf9-3c88-4f81-bd81-619cf5a44d9e","scriptDrive":"b!rvlYkZDnrEeE6AMTMhFQ3Gisan59IApKjGWrbIRcUx3MQv9QYniJQY3Go2rc-XXt","scriptId":"01WASUEWABHMR6XLTWI5BYKQY6MYQOKMXQ"},"authentication":"@parameters('$authentication')"}}}},"connectionReferences":{"shared_service-now_1":{"connectionName":"10614bcfbd664907bce602f62ea59666","source":"Embedded","id":"/providers/Microsoft.PowerApps/apis/shared_service-now","tier":"NotSpecified"},"shared_excelonlinebusiness_1":{"connectionName":"shared-excelonlinebu-33305e84-11ed-41ee-9c9c-562996b9b432","source":"Embedded","id":"/providers/Microsoft.PowerApps/apis/shared_excelonlinebusiness","tier":"NotSpecified"},"shared_excelonlinebusiness":{"connectionName":"shared-excelonlinebu-045fe2ff-d9c8-42c8-bff4-c5441c37518b","source":"Embedded","id":"/providers/Microsoft.PowerApps/apis/shared_excelonlinebusiness","tier":"NotSpecified"}},"flowFailureAlertSubscribed":false,"isManaged":false}}